name,latitude,longitude,free_bikes,empty_slots,ebikes
Cégep Marie-Victorin,45.617499783128075,-73.60601127147675,7,4,1
Gare d'autocars de Montréal (Berri / Ontario),45.516926210319546,-73.56425732374191,11,1,0
Ateliers municipaux de St-Laurent (Cavendish / Poirier),45.506175841460966,-73.71118605136871,4,14,1
Place Rodolphe-Rousseau (Gohier / Édouard-Laurin),45.5129938566323,-73.68249848484993,1,23,0
Centre des loisirs (Tassé / Grenet),45.51473429416659,-73.69144901633263,6,8,3
Parc Marlborough (Beauzèle / Robichaud),45.52234149817879,-73.72167885303497,4,9,1
Champdoré / de Lorimier,45.566869345371856,-73.64101678133011,11,4,1
Beurling / Godin,45.44791581215845,-73.58381867408752,12,5,0
Kirkfield / de Chambois,45.51293324107222,-73.63389015197754,5,17,1
Parc des Rapides (LaSalle / 6e avenue),45.42947143740888,-73.59309915918857,16,3,1
Métro Longueuil - Université de Sherbrooke,45.52331869398737,-73.52012693881989,25,4,2
St-Charles / Montarville,45.53368199320325,-73.51526074111462,9,6,3
Collège Édouard-Montpetit (de Gentilly / de Normandie),45.53722603812578,-73.49506705999374,12,6,2
Place Longueuil,45.52841043752244,-73.51716578006744,1,14,0
Place du Commerce,45.46714,-73.54259,1,31,1
Marché Maisonneuve,45.55321884238814,-73.53978216648102,8,12,1
Parc Kent (de Kent / Hudson),45.5057209331225,-73.62945914268494,3,21,1
Rachel / de Brébeuf,45.52689,-73.57264,18,9,3
Aréna Rodrigue-Gilbert (du Tricentenaire / de Montigny),45.65140583915357,-73.50041270256041,5,9,2
Parc St-Laurent (Salk / Thomas-Chapais),45.6062348,-73.6287838,8,9,2
Notre-Dame / St-Gabriel,45.50714391928411,-73.55511903762817,2,12,2
Casino de Montréal,45.5063732,-73.52457672,5,27,3
La Ronde,45.52156536710626,-73.53533238172531,13,7,3
U. Concordia - Campus Loyola (Sherbrooke / West Broadway),45.45750908083069,-73.6394852399826,3,23,3
Parc Labelle (LaSalle / Henri-Duhamel),45.47256100297732,-73.56998920440674,13,6,2
des Ormeaux / de Grosbois,45.605901731906485,-73.53436946868896,6,9,2
Parc Reine-Élizabeth (Penniston / Crawford),45.43914465255811,-73.59173655509949,13,2,0
Parc de la Confédération (Fielding / West Hill),45.471881993586074,-73.64002168178558,11,9,0
Bibliothèque d'Ahuntsic (Lajeunesse / Fleury),45.5534000891078,-73.66225451231003,3,10,1
Centre ÉPIC (St-Zotique / 40e avenue),45.57414703721992,-73.57462137937546,1,20,1
Bélanger / des Galeries d'Anjou,45.59722114932571,-73.56279015541077,11,7,6
Cité des Arts du Cirque (Paul Boutet / des Regrattiers),45.55984236120471,-73.61544728279114,17,17,6
Rosemont / Viau,45.56833021674857,-73.56666326522826,2,21,1
Parc Stoney-Point (St-Joseph / 47e avenue),45.43656827071224,-73.70836973190308,7,11,0
Parc LaSalle (10e avenue / Victoria),45.43805550384184,-73.67273926734924,5,14,2
Elgar / de l'Île-des-Sœurs,45.45682318753668,-73.546804189682,8,6,0
St-Jacques / des Seigneurs,45.489185716082275,-73.57190027832984,9,12,0
O'Brien / Poirier,45.52252484113786,-73.69143962860107,0,20,0
Thimens / Alexis-Nihon,45.50897852206792,-73.69856357574463,17,7,4
Parc Van Horne (de la Peltrie / de Westbury),45.490494421832885,-73.63852232694626,12,3,2
Hôpital Sacré-Coeur (Forbes),45.531943590076395,-73.71360540390015,3,10,0
Atwater / Greene,45.480495143306044,-73.57782661914825,22,0,0
Mairie d'arrondissement Montréal-Nord (Hébert / de Charleroi),45.59398503487043,-73.63767206668854,4,16,0
Omer-Lavallée / du Midway,45.5457759528664,-73.56217458844185,4,14,0
Parc Noel-Nord (Toupin / Keller),45.51758306374252,-73.72661411762238,9,10,2
Parc du Bois-Franc (de l'Équateur / des Andes),45.51317758246596,-73.71306091547012,12,7,5
Parc Grovehill (St-Antoine / Ivan-Franko),45.43982382100397,-73.69487822055817,12,3,6
Bibliothèque Jean-Corbeil (Goncourt / Place Montrichard),45.6027276,-73.5579303,6,5,1
Aréna Chaumont (Chaumont / des Ormeaux),45.610926628992026,-73.54673445224762,15,4,14
Parc Chamberland (Dorais / de l'Église),45.502989,-73.689113,2,17,2
Parc Summerlea (53e avenue / St-Joseph),45.43836713933041,-73.71546685695648,9,5,3
Parc Kirkland (des Érables / Boyer),45.44606092178209,-73.65079946815968,12,0,2
William / Robert-Bourassa,45.49716534003792,-73.55933010578154,2,19,0
Quai de la navette fluviale,45.51366626207095,-73.53842496871948,13,1,1
Lapierre / Serge,45.43854405099729,-73.62021625041962,3,11,0
Parc St-Louis (St-Joseph / 34e avenue),45.432839840726125,-73.69349151849747,11,11,3
Victoria / 18e avenue Lachine,45.43579350588776,-73.6801904439926,10,2,1
Métro Jolicoeur (de Sève / Drake),45.45608545783109,-73.58193710446358,0,19,0
Duchesneau / de Marseille,45.60962627826218,-73.52273898082785,3,16,0
Papineau / Émile-Journault,45.55988367688166,-73.63356828689575,15,17,6
LaSalle / Godin,45.44693448484644,-73.57219934463501,20,6,0
Parc Delorme (Malouin / Laferté),45.5904902,-73.5902694,5,14,4
Parc Luigi-Pirandello (de Bretagne / Jean-Rivard),45.57940569041942,-73.60258877277374,1,14,1
Parc Beaulac (rue Élizabeth),45.5200557245067,-73.67795147001743,2,13,0
Parc St-Laurent (Dutrisac),45.52591381815231,-73.68911147117615,10,9,5
CHSLD St-Michel (8e avenue / Jarry),45.5616903,-73.610512,3,11,2
Travaux publics LaSalle (Cordner / Léger),45.44527192876118,-73.62448364496231,2,13,0
Parc de Dieppe,45.501863463435576,-73.5439610481262,0,29,0
Terminus Newman (Airlie / Lafleur),45.425059666150744,-73.64959917962551,3,13,0
Newman / Senkus,45.44404309237571,-73.61375212669373,8,10,2
Smith / Peel,45.49276061084002,-73.55641052126883,10,9,1
de la Commune / King,45.49750375338383,-73.55284452438353,17,50,0
de la Commune / Place Jacques-Cartier,45.50761009451047,-73.55183601379395,43,31,0
de la Commune / St-Sulpice,45.50424245563397,-73.553469479084,29,9,0
Chabanel / du Parc,45.53830765459552,-73.6548838019371,7,23,0
Ottawa / William,45.48972725318433,-73.56406286358833,6,9,0
de la Commune / Berri,45.51086,-73.54983,42,7,1
Berlioz / de l'Île des Soeurs,45.45998577640931,-73.54395568370819,4,17,0
Parc Benny (Benny / de Monkland),45.46693565237702,-73.63153114914894,13,7,0
Cégep André-Laurendeau (Lapierre),45.43605512104547,-73.60577523708344,0,28,0
Métro Henri-Bourassa (Henri-Bourassa / Millen),45.55675103297278,-73.66716161370277,9,6,1
Dixie / 54e avenue,45.44338026469991,-73.71789157390594,8,9,2
LaSalle / 90e avenue,45.41774583815495,-73.64518761634827,6,9,2
Métro de la Concorde (Léo-Lacombe),45.5604898518365,-73.7091851234436,3,15,2
Calixa-Lavallée / Rachel,45.527831544563064,-73.5719096660614,18,9,3
Parc du Mail (Bois de Coulonges / du Mail),45.59833498124187,-73.54596734046936,4,11,2
Marché Jean-Talon (Casgrain / Shamrock),45.53519006163501,-73.61548215150833,17,7,6
Fabrik8 (Waverly / Jean-Talon),45.53330725719417,-73.62082242965698,0,16,0
Parc Courbertin (Valéry / Perrier),45.5839877335556,-73.60809333622456,6,13,5
Parc Hébert (Colbert / Provencher),45.57237805962001,-73.59370462596415,7,7,0
Parc Garibaldi (Liénart / Bélanger),45.586476480180046,-73.570396900177,5,9,2
Parc Aimé-Léonard (Gouin / Ste-Gertrude),45.60835820969716,-73.63850623369217,7,8,1
Parc Charleroi (Alfred / Louis-Francoeur),45.59953472156509,-73.62360253930092,3,12,1
Parc Maurice-Bélanger (Hébert / Denommée),45.5877138098252,-73.63171823322773,9,4,4
Gare St-Michel / Montréal-Nord (Pie-IX / 56e),45.583197821913785,-73.62978704273701,7,8,0
Parc Jeanne-Mance (du Mont-Royal / du Parc),45.51689731423111,-73.58910799026489,9,22,6
Parc Eusèbe-Ménard (Gouin / St-Vital),45.59253950875074,-73.64874824881554,10,8,3
St-Hubert / de Maisonneuve (sud),45.51586835126322,-73.56008380651474,10,5,2
CHSLD Joseph-François-Perrault (St-Michel / Everett),45.55969734528566,-73.60145956277847,1,16,0
Mairie d'arrondissement St-Laurent (Beaudet / Marcel-Laurin),45.50682415585665,-73.68184804916382,8,18,0
Gare Montpellier (Muir / de la Côte-Vertu),45.52374047147138,-73.67169924080372,8,5,0
Gare du Ruisseau (Dutrisac / Henri-Bourassa),45.52814371649508,-73.69254536926746,10,9,0
Bibliothèque du Vieux-St-Laurent (de l'Église / Filiatrault),45.512843286755896,-73.67612421512604,1,17,0
CHSLD Robert Cliche (de Bellechasse / 16e avenue),45.557568,-73.579191,0,11,0
Parc Ottawa (de Belleville / Fleury),45.58116,-73.6412434,3,12,2
Parc Nicolas-Tillemont (des Érables / Villeray),45.55463653358596,-73.61255215771962,3,14,0
Parc Armand-Bombardier (Perras / Armand-Bombardier),45.6391233,-73.5961118,2,13,0
Collège de Rosemont (Beaubien / 15e avenue),45.55774990838239,-73.58380123972893,1,25,1
Préfontaine / Marcel-Pépin,45.54365380040509,-73.55942063033581,1,17,0
Métro Atwater (Atwater / Ste-Catherine),45.48952522221574,-73.5844581949641,23,12,1
Hochelaga / de l'Assomption,45.566883091095185,-73.53943817317486,12,10,3
de Chambly / de Rouen,45.54710313981358,-73.54892447590828,6,5,2
BAnQ (Berri),45.51601387670667,-73.56291957199574,11,2,0
Parc Ernest-Rouleau (Gouin),45.63131269772338,-73.61631497740746,11,8,0
Hôpital Général Juif (de la Côte-Ste-Catherine / Légaré),45.49624140543275,-73.62983867526054,1,24,1
CHU Ste-Justine (de la Côte Ste-Catherine / Hudson),45.50398168549117,-73.62283945083618,2,30,0
Parc Honoré-Mercier (Notre-Dame / Liébert),45.59275253568305,-73.51035632193089,14,9,1
Keller / Cousineau,45.52355020292929,-73.7138856947422,8,6,0
Parc d'Antioche (Place d'Antioche / St-Zotique),45.59566584124368,-73.5596626996994,8,10,0
Gare Lachine (Sir George Simpson / 48e avenue),45.447821314280105,-73.71091783046722,0,15,0
de Gaspé / Marmier,45.529668174024685,-73.60166944563389,0,20,0
Grenet / Poirier,45.51871924623225,-73.69875401258469,0,15,0
IUSMM (Georges-Villeneuve),45.58661042838809,-73.52969169616699,1,18,1
Square Nelligan (des Appalaches / Alexis-Nihon),45.51431824920811,-73.70799824595451,7,8,4
Parc MacDonald (Clanranald / Isabella),45.48274245886277,-73.63497912883759,9,3,0
La Tour de Montréal (Pierre-de-Coubertin / Bennett),45.55970526805903,-73.55155438184738,17,5,2
St-Antoine / 19e avenue,45.43993803436114,-73.68146234754022,9,6,1
Messier / St-Joseph,45.53946063965585,-73.57605636119843,0,17,0
Square Viger (Berri / Viger),45.5121682576952,-73.55481594800949,13,13,0
Dorion / Ontario,45.526991277453526,-73.55821162462234,4,30,1
Larivière / de Lorimier,45.5291345371163,-73.55923354625702,14,24,2
René-Lévesque / Papineau,45.52097057660443,-73.5499919950962,20,17,0
Logan / Fullum,45.52836601591233,-73.55117082595825,4,14,0
Joseph-Manseau / René-Lévesque,45.491686521008035,-73.57676714658737,1,17,1
du Havre / de Rouen,45.53456256501449,-73.55478646466509,12,13,0
Square Victoria (Viger / du Square-Victoria),45.50206,-73.56295,7,11,0
Métro Peel (de Maisonneuve / Stanley),45.50038,-73.57507,3,44,1
Métro Place-d'Armes (Viger / St-Urbain),45.50631445605528,-73.55967122894072,29,0,2
Métro Laurier (Berri / Laurier),45.52809995527671,-73.58843871625139,1,22,0
St-Hubert / de Maisonneuve (nord),45.51613214980722,-73.56049686670303,22,0,1
de Rouen / Lespérance,45.538859462962286,-73.5528177022934,8,13,0
Calixa-Lavallée / Sherbrooke,45.52479,-73.56545,2,16,0
St-Hubert / Duluth,45.522425652788634,-73.57418417930603,4,19,0
de Bullion / du Mont-Royal,45.52141314643908,-73.58498811721802,5,13,4
de Lanaudière / Laurier,45.5333136054992,-73.58373686671257,7,18,2
Laval / Duluth,45.51922631024093,-73.57718793155072,18,4,2
Vallières / St-Laurent,45.518967223320054,-73.5836161673069,9,14,5
Duluth / de l'Esplanade,45.515132275425785,-73.58105599880219,22,1,13
Hogan / Ontario,45.535295480380306,-73.55116009712219,5,5,0
la Fontaine / Alexandre-de-Sève,45.52330366033427,-73.55799973011017,5,13,1
Ste-Catherine / Union,45.50373771539475,-73.56948494911194,1,30,1
Chabot / Mont-Royal,45.53413436610844,-73.57352435588837,1,22,0
Gauthier / Papineau,45.52966629503036,-73.56733649969101,9,14,3
Messier / du Mont-Royal,45.53711414,-73.5710031,0,24,0
Laval / du Mont-Royal,45.5223645775784,-73.58414590358734,8,3,3
Jeanne-Mance / Sherbrooke,45.50928678961862,-73.57101917266846,4,20,2
Métro Laurier (Berri / St-Joseph),45.52723106564012,-73.58672618865965,17,0,2
Pontiac / Gilford,45.527009334270645,-73.58576595783234,1,22,0
Christophe-Colomb / St-Joseph,45.53036486555959,-73.58439266681671,6,17,0
Cartier / St-Joseph,45.53582823686429,-73.57869029045105,2,17,2
Métro Frontenac (Ontario / du Havre),45.533705987798946,-73.55217933654784,5,16,2
Roy / St-Denis,45.51908,-73.5727,22,4,0
Maguire / Henri-Julien,45.527041096087785,-73.59347056655677,0,19,0
Henri-Julien / du Carmel,45.52795093787009,-73.59502326697111,0,21,0
Cartier / Masson,45.5380207402854,-73.58352363109587,1,18,0
Parc Ludger-Duvernay (St-André / St-Hubert),45.53147464147482,-73.59242051839828,0,19,0
Drolet / Marie-Anne,45.522402573414084,-73.58117669820786,7,10,0
St-André / Rachel,45.52435318759273,-73.57596650719643,5,8,4
Garnier / St-Joseph,45.5330129192707,-73.58128666877745,7,11,0
Jeanne-Mance / St-Viateur,45.523026476635074,-73.60184043645859,2,19,1
du Parc-La Fontaine / Duluth,45.52451761488783,-73.57197672128677,2,20,0
Casgrain / St-Viateur,45.52751292628879,-73.59879076480864,0,22,0
St-Dominique / Laurier,45.52361490311454,-73.59245739877223,0,21,0
de Bullion / St-Joseph,45.52404631813311,-73.59015061847458,3,20,0
de Gaspé / Fairmount,45.52557815939422,-73.59285570681095,0,22,0
de l'Hôtel-de-Ville / Villeneuve,45.52348082760688,-73.58732756238169,6,16,2
Henri-Julien / Laurier,45.52574657625029,-73.59033644199371,1,20,1
Marquette / Laurier,45.53543,-73.5822,0,26,0
Milton / du Parc,45.50936142835129,-73.57386365532875,2,24,0
Waverly / St-Viateur,45.5238561444472,-73.60012650489807,0,18,0
de Bordeaux / Gilford,45.53611005443118,-73.5762870311737,2,16,2
de Bordeaux / Masson,45.53898439552301,-73.5824453830719,1,18,1
Labadie / du Parc,45.5198946757576,-73.59682738780975,3,15,3
Fullum / Marie-Anne,45.53650541861215,-73.56803923845291,2,25,1
Parthenais / du Mont-Royal,45.53640396516409,-73.57141345739365,1,20,0
Clark / St-Viateur,45.5251943015533,-73.59935637563467,0,11,0
Duluth  / St-Denis,45.52062760607925,-73.57594907283782,13,0,2
Resther / du Mont-Royal,45.52562819123256,-73.58177483081818,4,17,1
de Mentana / Marie-Anne,45.526026565221414,-73.57785880565643,4,21,1
Hutchison / Prince-Arthur,45.50975858607626,-73.57610732316971,0,18,0
du Mont-Royal / Clark,45.51941,-73.58685,6,24,4
Bernard / Jeanne-Mance,45.52428310031213,-73.6049484461546,1,21,1
Jeanne-Mance / Laurier,45.52027633320609,-73.59497621666378,10,7,7
Milton / Durocher,45.508140959417744,-73.57492983341217,2,25,1
Clark / Prince-Arthur,45.513342512307055,-73.57301607728004,23,7,1
Bercy / Rachel,45.53840340979245,-73.56196403503418,2,13,0
de l'Esplanade / du Mont-Royal,45.51825290855221,-73.5883381962776,2,19,2
Villeneuve / St-Urbain,45.520188,-73.590559,10,9,6
de Rouen / Hogan,45.53636263222538,-73.55421245098114,4,7,1
de Gaspé / St-Viateur,45.527672646696104,-73.59738260507582,1,16,0
Waverly / Van Horne,45.527363,-73.607723,0,15,0
Poupart / Ontario,45.531836726498305,-73.55348825454712,5,14,0
Querbes / Laurier,45.51748721436461,-73.59788417816162,3,7,3
Berri / Cherrier,45.519266156911335,-73.5692971944809,0,33,0
Aylmer / Prince-Arthur,45.508566869474386,-73.57769787311554,2,20,0
Bloomfied / Elmwood,45.51825588419192,-73.60320568084717,0,15,0
Marie-Anne / St-Hubert,45.5246829812827,-73.5788968205452,8,13,0
Durocher / Bernard,45.52222528598142,-73.60668718814848,1,14,1
Fullum / de Rouen,45.5321322155395,-73.55876013636589,3,22,0
Sherbrooke / Frontenac,45.5367,-73.56081,1,14,0
Square St-Louis (du Square St-Louis / Laval),45.516090801970655,-73.5701286792755,0,31,0
St-André / Cherrier,45.52051578783967,-73.567695915699,2,25,2
Gauthier / Parthenais,45.53292625574653,-73.56377989053726,3,12,0
Garnier / St-Grégoire,45.5358215436799,-73.58710169792175,2,25,0
de Lanaudière / Marie-Anne,45.52932643090091,-73.57480645179749,11,6,2
de Lanaudière / du Mont-Royal,45.53022106537559,-73.57699647545813,4,22,0
Boyer / du Mont-Royal,45.527432126380575,-73.57991673052311,2,24,2
Chapleau / du Mont-Royal,45.53867,-73.56936,5,12,0
Parc de Bullion (de Bullion / Prince-Arthur),45.515604257816335,-73.57213497161865,14,5,0
Hutchison / Van Horne,45.52497706918177,-73.6106863617897,1,18,1
Hélène-Baillargeon / St-Denis,45.52974,-73.59527,0,18,0
St-Dominique / Bernard,45.52793332015246,-73.60122251338906,1,21,0
Durocher / Sherbrooke,45.507076248365834,-73.57228517532349,1,22,1
de l'Hôtel-de-Ville / Sherbrooke,45.514524730294404,-73.56835573911665,3,24,0
Cartier / Rosemont,45.54124722370603,-73.59104454517365,0,17,0
Graham / Brookfield,45.52022241072457,-73.62985610961914,8,14,5
Brittany / Ainsley,45.52588991809354,-73.65003436803818,10,8,4
Parc Pratt (Dunlop / Van Horne),45.514918954061876,-73.61968517303467,4,11,3
de Bellechasse / de St-Vallier,45.53341043363302,-73.60112428665161,1,18,1
St-Dominique / St-Zotique,45.53226461018495,-73.6110632121563,10,19,4
Louis-Hébert / de Bellechasse,45.546661109634606,-73.58868420124054,17,9,9
Parc Joyce (Rockland / Lajoie),45.515617,-73.614991,1,12,0
des Érables / Bélanger,45.54912085535069,-73.60087350010872,2,11,0
Louis-Hébert / St-Zotique,45.55001,-73.59576,6,8,2
de Gaspé / Beaubien,45.531957916826386,-73.60700100660324,0,19,0
Parc Père-Marquette (Chambord / Rosemont),45.537087833013324,-73.59321847558022,29,13,5
1ère avenue / Rosemont,45.54779995287998,-73.58486741781235,3,10,3
1ère  avenue / St-Zotique,45.551937362101,-73.59392791986465,4,10,3
Boyer / Rosemont,45.53409866804061,-73.59553456306458,1,30,1
Cartier / Bélanger,45.546779039476185,-73.60281676054001,11,12,0
de l'Hôtel-de-Ville / Roy,45.51733075399989,-73.57449866831303,18,1,2
de Brébeuf / du Mont-Royal,45.52927839879717,-73.57792854309082,4,19,2
Drolet / Beaubien,45.533348,-73.605834,2,19,1
5e avenue / Rosemont,45.54990048023633,-73.58308374881744,0,18,0
Chabot / Beaubien,45.544375546398065,-73.59564453363419,1,13,0
Henri-Julien / de Bellechasse,45.5315079142152,-73.60308364033699,0,19,0
27e avenue / Rosemont,45.563709940264175,-73.57139468193054,3,16,0
Drolet / St-Zotique,45.53488214147823,-73.60941231250763,7,12,3
Fullum / Holt,45.54391953154915,-73.58424894533528,4,22,0
3e avenue / Holt,45.54800352985515,-73.58138993382454,1,17,0
de St-Vallier / St-Zotique,45.536434338630336,-73.60783427975548,4,15,2
Cartier / Dandurand,45.53923559055867,-73.58594566583633,3,19,1
Graham / Wicksteed,45.51693654712809,-73.64048302173615,13,5,2
Mozart / Waverly,45.5315236502754,-73.61701235175133,1,14,0
Chabot / de Bellechasse,45.5425697477813,-73.59214425086974,1,16,0
de Lanaudière / Bélanger,45.54365085053057,-73.60565051436424,1,21,1
Waverly / St-Zotique,45.53050525974957,-73.61470833420753,1,15,1
15e avenue / Masson,45.55389801568004,-73.5713866353035,2,21,0
Fabre / St-Zotique,45.543653916207866,-73.60126135876271,4,12,0
16e avenue / St-Joseph,45.55293611277267,-73.56577143073082,1,20,1
Boyer / Bélanger,45.54006,-73.60897,1,20,0
St-Urbain / Beaubien,45.52954744851231,-73.61071854829788,1,13,1
Marie-Anne / Papineau,45.53176697148175,-73.5724139213562,9,13,4
Jeanne-Mance / Beaubien,45.527650097960205,-73.61229971051216,0,12,0
Métro Place-des-Arts (du Président-Kennedy / Jeanne-Mance),45.508204615051355,-73.56881439685822,12,14,1
Marquette / Rachel,45.52983801723605,-73.5703244805336,11,1,1
Wolfe / Robin,45.51958082831579,-73.5601159930229,10,12,1
Bourbonnière / du Mont-Royal,45.55358456339093,-73.56052905321121,5,16,1
Graham / Kindersley,45.514080696641386,-73.64694982767105,20,3,4
McCulloch / de la Côte Ste-Catherine,45.51577505385328,-73.60060930252075,7,8,6
26e avenue / Beaubien,45.56485589064712,-73.5774926841259,2,13,0
de Chambly / Rachel,45.54991069359101,-73.55826258659361,0,22,0
35e avenue / Beaubien,45.570081,-73.573047,1,26,1
de Bordeaux / Sherbrooke,45.529914321737415,-73.56302618980408,12,6,3
d'Orléans / Hochelaga,45.55061693669672,-73.54901432991028,7,12,0
Jeanne-d'Arc / Ontario,45.54959767887176,-73.54187428951263,20,2,0
41e avenue / Rosemont,45.57178977666956,-73.56431499123573,1,16,0
Parc de Beauséjour (Gouin / Henri-d'Arles),45.526765,-73.730423,11,7,1
12e avenue / St-Zotique,45.5568667309625,-73.589306473732,7,14,6
19e avenue / St-Zotique,45.56168275734862,-73.58564794063568,4,18,2
de Lisieux / Jean-Talon,45.57934937043077,-73.58168095350266,3,14,1
de Gaspé / Dante,45.53429782539273,-73.61217230558395,7,16,5
Davaar / de la Côte-Ste-Catherine,45.514379,-73.610871,2,12,2
Alton-Goldbloom / Notre-Dame,45.54502601340392,-73.73787671327591,9,10,4
Bloomfield / Van Horne,45.522745298216094,-73.61328139901161,1,18,0
Place des Festivals ( du Président-Kennedy / de Bleury),45.50764392965887,-73.56932401657104,5,22,1
de la Roche / Bélanger,45.541669595766315,-73.60760450363159,1,22,1
Campus MIL (Outremont / Thérèse-Lavoie Roux),45.52311432992147,-73.61815363168716,3,19,1
Le Corbusier / St-Martin O,45.565006717407506,-73.7319054454565,3,15,2
Place du Canada (Peel / des Canadiens-de-Montréal),45.49788352593901,-73.56856763362885,0,23,0
Dollard / Bernard,45.51678269880724,-73.61142262816429,1,21,0
de la Roche /  de Bellechasse,45.53718135927993,-73.59750330448149,3,12,3
11e avenue / du Souvenir,45.56933906192115,-73.70472729206085,8,7,6
Ernest-Gendreau / du Mont-Royal,45.549713734001415,-73.56384828686714,0,20,0
Paré / Mountain Sights,45.49810026070624,-73.65294188261032,0,12,0
Robin / 15e rue,45.559495502858624,-73.6989176273346,6,9,1
Beaudry / Sherbrooke,45.52303493310712,-73.56539458036421,4,23,3
8e avenue / Dandurand,45.550113551561694,-73.5772217810154,3,16,1
Métro Université de Montréal (Édouard-Montpetit / Louis-Collin),45.50363996257211,-73.6182689666748,1,23,1
Parc Henri-Dunant (Léger / Henri-Dunant),45.56843961893042,-73.6752020941276,5,12,1
Gauthier / de Lorimier,45.53166363055749,-73.56536373496056,8,10,6
du Mans / des Alouettes,45.58033485941123,-73.68471868336201,18,4,14
St-Dominique / Napoléon,45.51666442219882,-73.57722043991089,17,3,2
St-Jean-Baptiste / René-Lévesque,45.64141535746634,-73.4999567270279,13,2,4
Sabrevois / des Récollets,45.583287878804136,-73.63276362419128,4,11,1
Parc nature de l'Île-de-la-Visitation (Gouin / de Bruchési),45.57833184623925,-73.65595400333405,15,3,4
du Tricentenaire / Prince-Albert,45.64954588445726,-73.49191546440125,15,0,2
Fortune / Wellington,45.477923,-73.559038,17,10,1
Place du Village (St-Jean-Baptiste / Notre-Dame),45.640002860465096,-73.49011301994324,5,9,2
Gary-Carter / St-Laurent,45.53613488953656,-73.62258464097977,3,34,1
Métro Parc  (Hutchison / Ogilvy),45.53035130173597,-73.6243924498558,2,27,2
Logan / de Champlain,45.5231943285584,-73.55584256350994,14,4,0
Bourgeoys / Favard,45.47993042065731,-73.55592101812363,12,14,0
Richmond / des Bassins,45.48752158511353,-73.56500297784805,25,3,1
Parc Chenier (de l'Aréna / Chenier),45.60248649638568,-73.5432904958725,4,15,1
René-Lévesque / Panet,45.51862424058306,-73.55219006538391,8,10,0
6e avenue / Villeray,45.55873962047568,-73.60589044634253,8,6,5
du Mont-Royal / Augustin-Frigon,45.54355786336148,-73.56780052185059,9,10,1
Michelet / Jean-Talon,45.57627820285533,-73.58353972434998,4,19,0
des Bassins / du Séminaire,45.49047561880464,-73.56022328138351,17,14,1
Parc du Pélican (2e avenue / St-Joseph),45.544580831168204,-73.5717111825943,0,18,0
Marie-Anne / de la Roche,45.527550507601894,-73.5762870311737,4,15,2
St-Dominique / Rachel,45.518593,-73.581566,6,24,4
7e avenue / St-Joseph Rosemont,45.54710817336986,-73.56936693191528,4,23,0
Jean Langlois / Fullum,45.526499983000186,-73.54575277422555,12,19,1
Bibliothèque de Verdun (Brown / Bannantyne),45.44826204820947,-73.57785612344742,10,4,0
LaSalle / Crawford,45.43791516514076,-73.58253550531117,8,4,2
McNamara / St-Martin O,45.57120355585774,-73.72351884841918,11,7,0
Natatorium (LaSalle / Rolland),45.4443505862464,-73.57542979723802,23,3,1
Mairie d'arrondissement LaSalle (Dupras / Jeannette),45.429166968311485,-73.66280972957611,2,13,0
Parc Chopin (Dumouchel / Tessier),45.570726609302966,-73.7370860205192,6,13,2
Pierre-Péladeau / du Centropolis,45.56251175219665,-73.74370649456978,10,10,1
Jeanne-Mance / St-Martin O,45.557421482389636,-73.7480603903532,16,7,5
Argyle / de Verdun,45.45301583620112,-73.57191503047943,11,12,0
St-Jacques / Vinet,45.485328993998365,-73.57692271471024,5,9,0
St-Charles / Thomas-Keefer,45.477605,-73.573775,18,2,2
de Chenonceau / Chomedey,45.56157,-73.75448,6,16,4
St-Joseph / 8e avenue Lachine,45.431518914135125,-73.67110446095467,6,19,0
Lionel-Groulx / George-Vanier,45.486346321757786,-73.57352435588837,13,8,0
8e avenue / Notre-Dame Lachine,45.43498715540587,-73.67079868912697,6,12,1
Beatty / de Verdun,45.450729976972944,-73.5725748538971,9,13,2
Mayfield / St-Martin O,45.553017541248565,-73.75822663307189,5,14,1
Gloria / Dollard,45.42971096449354,-73.633883446455,1,14,0
Bel Air / St-Antoine,45.4824297233159,-73.58367975812143,7,15,0
4e avenue / de Verdun,45.4568844514464,-73.57260704040527,6,7,0
41e avenue / Victoria,45.44053238705948,-73.70242863893507,12,3,5
de l'Église / Bannantyne,45.4632535358533,-73.57587933540344,11,4,0
Regina / de Verdun,45.467369,-73.570769,6,16,1
Turgeon / Notre-Dame,45.478888528072076,-73.58198940753937,4,13,2
Jacques-Le Ber / de la Pointe Nord,45.47259900304475,-73.5398056358099,22,2,1
Métro Lasalle (de Rushbrooke / Caisse),45.47069642604657,-73.56542240828276,22,0,1
Métro de l'Église (Ross / de l'Église),45.462846046287325,-73.56592163443565,15,1,1
Métro Verdun (Willibrord / de Verdun),45.459487694540734,-73.57209205627441,1,25,0
Rose-de-Lima / Workman,45.48026417718717,-73.58099363744259,10,12,1
Panet / Ste-Catherine,45.51999897796297,-73.5548883676529,7,17,0
Ste-Claire / Pierre-Tétreault,45.60191332161639,-73.52441847324371,16,3,2
Parc Félix-Leclerc (François-Boivin / St-Zotique),45.5914549914687,-73.56275528669356,8,6,0
Desjardins / Ontario,45.55118417872238,-73.54087114334106,0,22,0
Métro Lionel-Groulx (St-Jacques / Atwater),45.48295816149219,-73.57975836854166,23,8,0
5e avenue / Bannantyne,45.456365,-73.57614,4,11,0
Letourneux / Ste-Catherine,45.55078357889704,-73.53409996037954,8,9,0
de Grosbois / Duchesneau,45.611230741550536,-73.5312415660519,11,4,8
Métro Préfontaine (Moreau / Hochelaga),45.541374968866094,-73.5542231798172,21,9,1
Peel / Notre-Dame,45.49544692088696,-73.56329441070557,14,30,0
Letourneux / Hochelaga,45.55465888075087,-73.54660302400589,6,8,1
Ontario / Sicard,45.55626186680846,-73.53744059801102,6,16,0
Argyle / Bannantyne,45.453318765468914,-73.5767751932144,1,12,0
Ontario / Viau,45.5594818,-73.535496,8,10,1
Souligny / Desmarteau,45.60444089974122,-73.51611837744713,11,3,4
Parc Lalancette (de Rouen / Valois),45.54814504700217,-73.5471260547638,14,7,0
Métro Pie-IX (Pierre-de-Coubertin / Desjardins),45.554373399819674,-73.55137467384337,25,13,2
Montcalm / de Maisonneuve,45.519131967116216,-73.55788965214742,11,8,0
Métro Beaudry (Beaudry / Ste-Catherine),45.51888453178292,-73.55593845248222,8,14,1
des Ormeaux / Notre-Dame,45.59926552299961,-73.51226069033146,12,10,4
Ste-Catherine / Dezery,45.539385081961676,-73.54099988937377,18,1,1
Métro Assomption (Chauveau / de l'Assomption),45.569789,-73.548081,2,19,1
André-Laurendeau / Rachel,45.54303187243879,-73.56256484985352,9,14,2
Métro Cadillac (Cadillac / Sherbrooke),45.57683333463968,-73.54647415224463,9,10,6
du Parc-Lafontaine / Rachel,45.52551168509886,-73.57424452900887,10,6,1
St-Germain / Hochelaga,45.543652466151,-73.5534825682771,10,5,0
Métro Langelier (Langelier / Sherbrooke),45.58284663189181,-73.54247644543648,16,1,5
Pierre-de-Coubertin / Langelier,45.580314546424674,-73.5353136062622,11,3,2
Atateken / du Square Amherst,45.52063377251984,-73.56390595436096,29,0,0
de Léry / Sherbrooke,45.54099971663243,-73.55826258659361,4,18,1
Du Quesne / de Marseille,45.575812361972055,-73.54123055934906,2,20,0
St-André / Ontario,45.51889,-73.56353,17,1,1
Valois / Ste-Catherine,45.54522973039872,-73.53725016117096,9,13,0
Bibliothèque et Complexe aquatique Rosemont (8e avenue / Rosemont),45.55151193681962,-73.58207792043686,0,15,0
Nicolet / Sherbrooke,45.54969542033443,-73.55464696884155,0,22,0
Alexandre-DeSève  / Ontario,45.52435882510794,-73.56053441762924,13,9,0
Dézéry / Ontario,45.54095791741757,-73.54702949523926,26,0,2
Ste-Catherine / St-Clément,45.55671730558936,-73.53024959564209,11,3,0
de l'Église / de Verdun,45.46300108733155,-73.57156895217486,11,6,0
St-Jacques / St-Laurent,45.50644464920572,-73.55648696422577,18,3,0
Liébert / Hochelaga,45.59587457490178,-73.52352797985077,7,15,1
du Champ-de-Mars / Gosford,45.50965520472071,-73.55400860309601,11,11,3
St-Jacques / McGill,45.50144108135568,-73.56014415621758,18,13,0
de l'Hôtel-de-Ville / Rachel,45.51989655507833,-73.58010649681091,12,1,0
Gagne / LaSalle,45.422451407155854,-73.601194024086,14,5,3
Métro Honoré-Beaugrand (Sherbrooke / Honoré-Beaugrand),45.5967964774917,-73.53517949581145,8,13,3
des Récollets / McGill,45.5008764952487,-73.55900555849075,15,7,0
Métro Radisson (Sherbrooke / des Groseilliers),45.58917500418707,-73.53965610265732,4,15,1
William / St-Henri,45.49891911390352,-73.55725407600403,11,2,1
Bélanger / St-Denis,45.53696,-73.61199,3,19,3
Marché Jean-Talon (Henri-Julien / Jean-Talon),45.53678525128436,-73.6148879583925,3,20,2
St-Nicolas / Place d'Youville,45.501966859101564,-73.55515256524086,19,3,0
Molson / Beaubien,45.54968589617967,-73.59115451574326,3,18,1
d'Orléans / Masson,45.557192,-73.569847,3,16,1
Union / Ste-Catherine,45.504027213143104,-73.56970220804214,2,33,0
du President-Kennedy / Union,45.505102242483595,-73.57187882065773,3,19,0
de Grenoble / de Cassis,45.57889719514108,-73.70492711663245,6,13,0
Darling / Sherbrooke,45.54545514686953,-73.55673909187317,10,13,1
5e avenue / Masson,45.54752382909683,-73.57513636350632,4,23,0
10e avenue / Masson,45.55037651450808,-73.57373356819151,4,20,1
St-Alexandre / Ste-Catherine,45.50527354034462,-73.5674786567688,1,25,0
Métro Bonaventure (de la Gauchetière / de la Cathédrale),45.49831217703312,-73.56725603342056,2,29,0
Grand Boulevard / Sherbrooke,45.46670033299904,-73.62355081379064,11,6,1
Langelier / Marie-Victorin,45.61451982045293,-73.6118745803833,4,10,1
Benny / Sherbrooke,45.4648769981855,-73.62659722566605,7,10,4
Park Row O / Sherbrooke,45.46072936353252,-73.63407254219055,4,10,1
Lucien L'Allier / St-Jacques,45.493514106710734,-73.56848180294037,18,2,0
Aylmer / Ste-Catherine,45.50434678685089,-73.56894850730896,4,35,0
Grand Boulevard / de Terrebonne,45.470535000953966,-73.63165721297264,7,16,2
des Jockeys / Décarie,45.49404432109336,-73.65449488162994,6,11,2
Lacombe / Victoria,45.49048314001669,-73.62913727760315,6,13,1
Parc Georges St-Pierre (Oxford / Upper Lachine),45.46887995929811,-73.60943913459778,6,10,1
Métro Côte-Ste-Catherine (Beaucourt / de la Côte-Ste-Catherine),45.491513,-73.633649,6,17,0
Marcil / Sherbrooke,45.471743,-73.613924,2,19,1
Boyer / Beaubien,45.537041,-73.602026,7,18,0
Grey / Sherbrooke,45.47629426230192,-73.60617488622665,1,12,0
Boyer / St-Zotique,45.53848,-73.60556,10,8,9
Workman / Vinet,45.483788863965174,-73.5750612616539,22,0,4
Parc Howard (de l'Épée / de Liège),45.53318929909303,-73.64188581705093,3,10,0
Wilderton  / Van Horne,45.51014162409143,-73.6247518658638,5,21,2
de Monkland / Girouard,45.47710675189806,-73.6214379966259,15,7,1
Métro Villa-Maria (de Monkland / Décarie),45.4789683985657,-73.61959934234618,3,20,1
de la Côte St-Antoine / Royal,45.468926984877434,-73.6198702454567,4,13,1
Métro Vendôme (de Marlowe / de Maisonneuve),45.47393028235147,-73.60473453998564,1,28,0
Marquette / des Carrières,45.53879934493943,-73.58870029449461,5,22,2
d'Outremont / Ogilvy,45.52687028194893,-73.62672328948975,1,18,0
de Kent / de la Côte-des-Neiges,45.50144933057703,-73.63305062055588,3,34,1
Métro Acadie (de l'Acadie / Beaumont),45.52357479400008,-73.62344294786453,3,10,3
Earnscliffe / Queen-Mary,45.481845071377414,-73.63037377595901,6,16,0
Leman / de Chateaubriand,45.54721107501036,-73.63105237483978,4,8,0
Parc des Hirondelles (Fleury / André-Jobin),45.5762948651025,-73.646759390831,13,6,2
de Melrose / Sherbrooke,45.46991202213883,-73.61735232174397,7,12,3
Métro Snowdon (de Westbury / Queen-Mary),45.48542414888848,-73.62816195935011,3,17,1
de St-Firmin / Fleury,45.570624722078364,-73.6517858505249,18,5,13
Marquette / Fleury,45.56735205736566,-73.65378744900227,3,11,3
Parc Joseph-Robin (18e avenue / Everett),45.56481129244175,-73.59580412507057,10,7,3
Everett / Garnier,45.54758153109644,-73.61220851540565,1,13,0
8e avenue / Everett,45.55776151418004,-73.60154539346695,2,11,2
Francis / Fleury,45.56387237463668,-73.6555677652359,7,12,1
Métro Jarry (Lajeunesse / Jarry),45.54355974189168,-73.62777203321457,13,8,2
Boyer / Everett,45.54310243053054,-73.61607524188003,1,16,0
Louis-Hébert / Bélanger,45.55158518908433,-73.59916493296623,3,16,1
Chambord / Fleury,45.55982811984724,-73.65832507610321,3,10,0
de Bordeaux / Jean-Talon,45.54975479298636,-73.60556602478027,0,13,0
Louis-Hémon / Jean-Talon,45.5517742671765,-73.60347837231528,6,11,2
Rousselot / Jarry,45.55081979211847,-73.62088680267334,4,10,2
Péloquin / Fleury,45.55702223161539,-73.6599015713,1,14,0
de Normanville / Villeray,45.547172039327485,-73.61815631389618,7,10,3
de la Roche / Everett,45.544867,-73.614841,5,9,2
du Rosaire / St-Hubert,45.54481928225348,-73.6215104162693,2,20,0
Métro Crémazie (Crémazie / Lajeunesse),45.54640752148169,-73.63842844963074,10,5,3
Lajeunesse / Villeray,45.54218173507584,-73.62268656492233,7,7,4
Drolet / Jarry,45.54195463236575,-73.62994194030762,3,15,2
Lajeunesse / de Liège,45.545580534390176,-73.63490000367165,8,6,0
Émile-Journault / de Chateaubriand,45.54983321292286,-73.64063255488873,3,13,1
Ropery / Augustin-Cantin,45.48097552629275,-73.56863468885422,9,11,0
Ann / Wellington,45.49449368327543,-73.55676054954529,12,2,0
Richardson / Montmorency,45.484966061164755,-73.56032252311707,9,21,2
Dubois / Eadie,45.45760820718457,-73.59051011502743,4,18,1
Parc Ferland (Belleherbe / Albanel),45.59573798024675,-73.59529852867126,6,9,3
de la Côte St-Antoine / Argyle,45.48624101696415,-73.59572768211365,1,17,0
Victoria Hall,45.48129146961133,-73.6003303527832,9,6,2
Berri / Rachel,45.52275023118295,-73.57724860310555,0,18,0
Augustin-Cantin / Shearer,45.48390169543355,-73.56363236904144,21,7,1
Mackay / de Maisonneuve,45.49682986230046,-73.57913017272949,1,34,1
St-Mathieu / Sherbrooke,45.495789104811756,-73.58259558677672,2,21,2
Guy / Sainte-Catherine,45.49497512853125,-73.57777043248461,2,25,1
Notre-Dame-de-Grâce / Westmount,45.48046706437983,-73.61122308304402,2,13,2
des Pins / St-Laurent,45.51522812881499,-73.5750961303711,24,3,1
Hamilton / Jolicoeur,45.45670282849069,-73.59764268636354,13,1,2
Monk / de Biencourt,45.458663192410306,-73.59602272510529,12,3,0
Ryde / Charlevoix,45.4757434,-73.5646007,6,20,2
Peel / Ottawa,45.49419955357054,-73.55998456478119,22,5,0
Shearer / Centre,45.4828250990486,-73.56206325352105,13,0,1
Métro Monk (Allard / Beaulieu),45.451030919298056,-73.5939010977745,15,4,2
St-Jacques / Guy,45.491366875439965,-73.57010722160338,17,4,0
Victoria / de Maisonneuve,45.47742856483265,-73.60016942024231,0,14,0
Plessis / Ontario,45.523594936648244,-73.56099039316177,16,2,0
Canning / Notre-Dame,45.486318644010225,-73.5702332854271,7,15,0
St-Antoine / Jean-Paul Riopelle,45.502939709023714,-73.56064036488532,9,13,0
Métro Beaubien (de Chateaubriand / Beaubien),45.5353599615622,-73.60363483428955,3,22,3
de l'Hôtel-de-Ville / Ste-Catherine,45.51166045593874,-73.56213569641113,0,30,0
Parc St-Paul (Le Caron / Marc-Sauvalle),45.461741021347436,-73.58412176370621,10,12,0
de Castelnau / Lajeunesse,45.54043190217008,-73.61650675535202,1,13,0
Fullum / Ste-Catherine,45.52711644190572,-73.54801654815674,14,5,0
Bourget / St-Jacques,45.48067368593179,-73.58351558446884,1,18,0
Métro Édouard-Montpetit (du Mont-Royal / Vincent-d'Indy),45.510200304274754,-73.6114051938057,3,23,2
St-Laurent / Pl. du Marché,45.50928960913111,-73.56241598725319,9,18,3
Charles-Daoust / 75e avenue,45.54250587659489,-73.74095320701599,5,20,0
Henri-Julien / de Castelnau,45.53789110878484,-73.6182153224945,0,23,0
Stinson / Montpellier,45.51962176248447,-73.6662483215332,5,17,3
Métro Sauvé (Berri / Sauvé),45.550692068419764,-73.65636706352234,1,24,1
St-Cyril / Wiseman,45.52085479492202,-73.61573964357376,1,18,0
McLynn / Plamondon,45.48911308766352,-73.6470128595829,7,11,1
Parc Champdoré (Champdoré / de Lille),45.5692509593831,-73.63642623429769,5,7,5
Ste-Croix / Tassé,45.51953948301331,-73.68516325950623,5,16,0
29e avenue / St-Zotique,45.56776565172907,-73.57968807220459,3,12,3
Beaubien / 8e avenue,45.553456845975276,-73.58784198760986,4,8,3
Harvard / de Monkland,45.474565185029945,-73.62403571605682,8,11,0
Hillside / Ste-Catherine,45.48282602624293,-73.59084337949753,1,14,0
Guizot / St-Laurent,45.53968044327973,-73.63450437784195,4,15,2
De Callières / d'Auvergne,45.593421978698636,-73.6690217256546,17,4,7
Melville / de Maisonneuve,45.48184019359366,-73.59537899494171,11,4,4
Union / René-Lévesque,45.50235036136798,-73.56658279895781,1,29,0
Bloomfield / Ball,45.52995941738481,-73.6329460144043,13,6,6
Laforest / Dudemaine,45.539806548176045,-73.6872661113739,4,15,2
St-Denis / Ste-Catherine,45.51372291221464,-73.5603104531765,3,39,0
Ste-Catherine / Sanguinet,45.512936177874096,-73.56124520301817,6,40,4
St-Urbain / de la Gauchetière,45.50707812811467,-73.56139540672302,33,10,3
de Maisonneuve / Greene,45.48697062,-73.58929306,5,13,0
Chomedey / de Maisonneuve,45.491750449903954,-73.58394473791122,7,20,0
Gilford / des Érables,45.53728040418993,-73.57534691691399,0,14,0
Fullum / Terrasse Mercure,45.535541603465234,-73.56593906879425,4,17,0
University / Prince-Arthur,45.5074794530521,-73.57864737510681,1,44,0
Gare Bois-de-Boulogne,45.53972553109637,-73.67716491222382,6,17,0
de Gaspé / Jarry,45.540780049797995,-73.63040059804916,2,16,0
Legrand / Cartier,45.55233742797057,-73.70748996734619,1,13,1
St-Dominique / Jean-Talon,45.53520398241678,-73.6175217570053,1,30,0
Chabot / Villeray,45.552289376429215,-73.61300647258759,11,4,1
Ouimet / Goineau,45.57504823374693,-73.68799567222595,13,14,9
Guizot / St-Denis,45.543423548290185,-73.63246187567711,0,21,0
Egan / Laurendeau,45.45290792768395,-73.58918591405198,4,11,2
Métro Plamondon (de Kent / Victoria),45.494686752797904,-73.63871866467889,15,3,0
St-Dominique / St-Viateur,45.52655700191558,-73.5982757806778,8,22,0
St-Charles / Grant,45.539824,-73.508752,3,15,0
Marquette / du Mont-Royal,45.53221791147474,-73.57543140649796,13,8,0
Métro du Collège (Cartier / Décarie),45.50843904979172,-73.6729645729065,2,13,1
Métro Côte-des-Neiges (Jean-Brillant / de la Côte-des-Neiges),45.495537539518104,-73.6222583055769,0,29,0
Monsabré / Boileau,45.571796348222385,-73.54152023792267,1,18,0
Chabanel / Tolhurst,45.540105018786974,-73.65347027778625,5,17,1
Pratt / Bates,45.51694782364431,-73.62631559371948,3,12,0
Métro Georges-Vanier (St-Antoine / Canning),45.4891,-73.57656,6,11,0
Fullum / Ontario,45.5303174,-73.5548669,2,13,0
Louisbourg / O'Brien,45.53039449604383,-73.70393217686795,16,5,7
Métro Cartier,45.56007440937141,-73.68125259876251,3,15,2
Métro de la Savane (Décarie / de Sorel),45.500251758943925,-73.66171056035454,1,16,1
Alfred Laliberté / de Poutrincourt,45.53308032414161,-73.6945965886116,7,11,2
Clark / Fleury,45.54758205939525,-73.66522908210754,6,12,0
Métro Montmorency,45.55814299291968,-73.71942043304443,5,16,3
Ste-Catherine / St-Mathieu,45.49384690142783,-73.57917845249176,1,29,1
Tolhurst / Fleury,45.54407915308118,-73.66735741496086,14,5,1
St-Ambroise / Louis-Cyr,45.47519326260791,-73.58094334602356,2,24,0
Terminus Le Carrefour (Terry-Fox / Le Carrefour),45.56842034638607,-73.74687284231186,7,16,0
Métro Rosemont (de St-Vallier / Rosemont),45.531921043052655,-73.59804779291153,3,20,1
de Hampton / de Monkland,45.47117930747152,-73.6270022392273,4,7,0
2e avenue / Centrale,45.43289463113104,-73.59685689210892,6,8,2
Laird / Glencoe,45.50619158460727,-73.64230799681536,6,7,3
Parc Beaubien Outremont (Stuart / St-Viateur),45.515969694922276,-73.60827505588531,0,15,0
du Souvenir / Chomedey,45.55188644388879,-73.74444007873535,8,7,4
Maguire / St-Laurent,45.524628485592636,-73.5958108305931,6,16,1
de Maisonneuve / Wood,45.48819793805841,-73.58807051185067,4,14,1
de la Côte-Ste-Catherine / Decelles,45.50094101588506,-73.62563699483871,0,17,0
Métro Jean-Talon (Berri / Jean-Talon),45.53900036432657,-73.6142510175705,2,17,1
Métro Sherbrooke (de Rigaud / Berri),45.51814312154928,-73.56800436973572,5,22,0
University / des Pins,45.50817464963893,-73.58002064942411,0,34,0
Milton / University,45.50651983995355,-73.57640504837036,3,32,0
Metcalfe / de Maisonneuve,45.501804363327565,-73.57434511184692,1,26,0
Marché Atwater,45.48020822800015,-73.57759863138199,27,2,0
Hutchison / Beaubien,45.52605851018324,-73.61296892166138,2,22,2
Drolet / Gounod,45.54095134225734,-73.62637460231781,14,3,4
de Gaspé / de Liège,45.54248521237199,-73.63634169101715,18,4,1
de l'Hotel-de-Ville / Ontario,45.51374520222444,-73.56666326522826,16,11,3
de Gaspé / Villeray,45.53888723230076,-73.62390697002411,2,13,2
Drummond / de Maisonneuve,45.499515390738885,-73.57602953910826,33,13,0
Hôpital Maisonneuve-Rosemont (Rosemont / Chatelain),45.575707,-73.561562,8,29,0
Marmier / St-Denis,45.530757980151904,-73.59845817089081,0,27,0
Robert-Bourassa / St-Maurice,45.49837045828952,-73.56055587530136,16,7,0
Métro Charlevoix (Centre / Charlevoix),45.4785381897129,-73.56931865215302,13,14,0
Ste-Famille / des Pins,45.5125667269925,-73.57640504837036,4,6,2
Parc Baldwin (Fullum / Sherbrooke),45.53407048533949,-73.56265068054199,1,35,0
Stationnement incitatif de Montarville (de Montarville),45.6011635681891,-73.44999354332685,0,19,0
Quai Yvon-Julien (Marie-Victorin / de Montarville),45.606718042243784,-73.45692034810781,9,9,1
Stationnement incitatif de Mortagne (Ampère),45.57251733677832,-73.44312071800232,5,17,0
St-Joseph Lachine / 21e avenue,45.43352120253739,-73.68354320526123,7,8,0
du Parc / François-Foucault,45.605785392139126,-73.66273999214172,10,13,3
90e Avenue / Boulevard Lévesque O,45.53121456506295,-73.74735295772552,14,13,1
Métro St-Laurent ( de Maisonneuve / St-Laurent),45.51074821798916,-73.56512099504471,22,1,0
Pierre-de-Coubertin / Aird,45.55903106539297,-73.54830354452133,12,6,1
Porte de Québec / St-André,45.51329411414168,-73.55057805776596,18,5,1
Laurier / St-Denis,45.52714838624861,-73.58947947621346,3,16,1
Frontenac / Ste-Catherine,45.53006276144042,-73.54559183120728,17,1,0
Garnier / Villeray,45.54948004519436,-73.61605471489383,3,15,3
Louis-Hémon / Rosemont,45.544500877623655,-73.58810484409332,5,14,4
Parc des Vétérans (des Vétérans / Broadway),45.63147192165401,-73.50819479674101,1,9,0
Parc de l'Hôtel-de-Ville (Ste-Julie / Laurendeau),45.630686043767284,-73.4948467835784,10,9,4
Parc de Montréal-Est (Notre-Dame / David),45.61316323215739,-73.50989364087582,14,5,10
Centre récréatif Édouard-Rivet (Notre-Dame / Lesage),45.62846158049899,-73.49952153861523,3,12,0
Mansfield / Ste-Catherine,45.50140664031126,-73.57165485620499,3,31,0
Lanaudière / Jean-Talon,45.545350334193245,-73.61032962799072,0,18,0
St-Dominique / de Bellechasse,45.52952466565309,-73.60488876700401,2,26,0
du Canal / McLaughlin,45.42969214118378,-73.6694884300232,12,8,1
Plessis / Logan,45.5218942750191,-73.55725058932876,7,11,0
de Maisonneuve / Mansfield (sud-est),45.50229349416256,-73.5733064264059,12,9,0
Parc J.-Arthur-Champagne (de Chambly / du Mont-Royal),45.551584,-73.561916,0,19,0
Bloomfield / Bernard,45.520338193708305,-73.60775470733641,1,23,0
de Laprairie / Centre,45.48059248038378,-73.56577813625336,12,3,0
Clark / de l'Arcade,45.527371996141,-73.60398352146149,1,16,1
Parc Lacharité (Latour / Forget),45.41773748108526,-73.62338548639853,11,7,2
Sherbrooke / Jeanne-d'Arc,45.55398156058887,-73.55496388156098,18,8,2
de la Vérendrye / 75e avenue,45.42070552680549,-73.62966051438889,5,13,2
Jogues / Allard,45.450020323797766,-73.60030621290207,4,12,0
St-Zotique / Clark,45.53143760098197,-73.61270070075989,1,12,0
Prince-Arthur / du Parc,45.51044465753362,-73.5755842924118,15,19,2
Prince-Arthur / St-Urbain,45.51262123436571,-73.5737282037735,1,26,1
de Côme / Jean-Talon,45.58830296569168,-73.57783721439773,7,8,1
Boyer / St-Joseph,45.52937645940547,-73.5842552036047,1,18,1
Robert-Bourassa / René-Lévesque,45.502182909901194,-73.56825381517409,2,29,1
Aylmer / Sherbrooke,45.50629456823703,-73.57282698154448,0,27,0
du Parc-La Fontaine / Roy,45.5232203879173,-73.56916093829568,1,16,1
Coloniale / Duluth,45.51786873150825,-73.57842743396758,8,3,0
Casgrain / Maguire,45.52621764749851,-73.5957657695144,1,14,1
Robin / St-André,45.51820643310249,-73.56161856654579,8,7,0
St-Hubert / Laurier,45.52893724049854,-73.58786880970001,3,15,0
Bennett / Ste-Catherine,45.55315915057821,-73.53263273835182,6,15,0
de Mortagne / de Montarville,45.59147977279279,-73.43605846166611,6,13,0
du Fort Saint-Louis / de la Perrière,45.613330089384625,-73.45154017210007,6,9,2
de Mortagne / Jean-Neveu,45.56923752103412,-73.44949901103973,0,19,0
Métro Papineau (Dorion / De Maisonneuve),45.5238445756922,-73.55236601831166,11,18,5
Lamarre / Lavallée,45.53374770433337,-73.48599582910538,12,6,1
Parc Laurier (Laurier / Dubuc),45.533610547532355,-73.47374618053436,15,4,1
Villeneuve / St-Laurent,45.521269382097486,-73.58956933021545,3,20,3
Villeneuve / du Parc,45.51801230878908,-73.59256982808802,2,9,1
Émile-Duployé / Sherbrooke,45.5278406266837,-73.56588721280787,11,11,0
Parc Olympique (Pie-IX / Sherbrooke),45.554824549823,-73.55370283126831,17,5,0
Crescent / de Maisonneuve,45.49812041247333,-73.57759594917297,16,5,1
St-Dominique / du Mont-Royal,45.52055948154798,-73.58582027256489,3,18,3
Hôpital Pierre-Boucher (Jacques-Cartier / Bourdon),45.536532102952236,-73.4576690196991,11,7,2
de la Montagne / Sherbrooke,45.500015468871446,-73.57938900589943,1,18,0
Chambord / St-Joseph,45.53206384071709,-73.58226299285889,13,5,2
Parc Plage,45.50263299287665,-73.52748987080304,6,13,2
Plymouth / Chem.Eden,45.506488823782234,-73.66047888994217,1,14,0
Parc Maisonneuve (Viau / Sherbrooke),45.56493679334249,-73.5555911064148,16,1,1
Chambord / Beaubien,45.539900246044354,-73.59936207532883,6,17,4
Duke / Nazareth,45.49572236030835,-73.55461344122887,4,11,1
Wolfe / de la Gauchetière,45.51625372636654,-73.55291748050148,11,11,0
McGill / Wellington,45.499447710650415,-73.55489909648894,28,2,0
Parc Molson (d'Iberville / Beaubien),45.54902230455398,-73.59198164194822,9,10,1
de Bellechasse / de Lanaudière,45.539306918976,-73.59521873295307,1,16,0
Ellendale / de la Côte-des-Neiges,45.49966955063677,-73.62923383712769,0,30,0
Lincoln / du Fort,45.4930266623113,-73.58389592183812,6,9,0
St-Sylvestre / St-Charles,45.53638893500808,-73.51245582103729,11,11,2
Gare LaSalle (Highlands),45.425612687757926,-73.65713578464238,4,14,0
St-Hubert / René-Levesque,45.514369201445305,-73.55648696422577,9,10,3
Durocher / Beaumont,45.52799772330074,-73.61919969320297,1,21,0
Tupper / du Fort,45.49122961531575,-73.58078241348267,1,13,1
Mozart / St-Laurent,45.53328624709234,-73.61546382309369,17,5,4
Hôpital Santa Cabrini (de Pontoise / d'Évreux),45.58135403391153,-73.57260999085156,7,7,4
Métro Mont-Royal (Utilités publiques / Rivard),45.52423612093815,-73.58155220746994,4,26,1
Hochelaga / Chapleau,45.53431661378577,-73.55970561504364,3,16,0
Notre-Dame  / St-Martin,45.48830194643546,-73.56871783733366,18,1,2
Théâtre du Vieux-Terrebonne (St-Pierre / des Braves),45.69223305604548,-73.63703128697125,12,7,6
Parc St-Sacrement (des Seigneurs / St-Sacrement),45.70234934325735,-73.63957804443088,10,9,5
Terminus de bus EXO (Côte de Terrebonne),45.697815037503666,-73.65406465532033,9,13,4
de Soissons / de Darlington,45.50689914049937,-73.623526096344,0,23,0
des Écores / Beaubien,45.547536449579944,-73.59267264604568,16,3,3
des Érables / Dandurand,45.541331760976774,-73.58387768268585,6,10,2
des Érables / Rachel,45.533313304815366,-73.56671154499054,5,14,2
Fullum / Gilford,45.53922374455291,-73.57383679656778,1,18,1
CCI Outremont (Dollard / Ducharme),45.520019102391636,-73.61890733242035,1,11,1
de la Gauchetière / Robert-Bourassa,45.50064338023683,-73.5654079914093,2,25,0
Jean-Talon / de l'Épée,45.527941351769826,-73.62388551235199,2,11,1
20e avenue / de Bellechasse,45.559962552180544,-73.5769522190094,1,18,1
Garnier / Beaubien,45.541510228130996,-73.5984206199646,3,12,3
Boyer / Jean-Talon,45.54152678327907,-73.61248868051915,2,20,2
Aylwin / Ontario,45.54428297135084,-73.54544162750244,12,14,2
Notre-Dame / McGill,45.501023131616485,-73.55944812297821,10,9,0
Métro Place Saint-Henri (St-Ferdinand / St-Jacques),45.47728092665489,-73.58730420470238,5,19,1
St-Rémi / Ste-Émilie,45.46976497412213,-73.58923405408859,11,10,3
Drummond / Sherbrooke,45.50057346904464,-73.57825040817261,3,20,0
des Érables / Laurier,45.53852599499357,-73.57773274183273,4,11,1
Clark / Rachel,45.51736881196649,-73.58209669589996,3,27,1
Northcliffe / Notre-Dame-de-Grâce,45.47781599566346,-73.61503422260284,6,9,5
Clark / de Liège,45.5399716347916,-73.638114631176,17,2,2
du Marché Central / Crémazie,45.53341740599902,-73.64888370037079,8,5,5
McKenna / Édouard-Montpetit,45.50116506773693,-73.62054750323296,0,19,0
LaSalle / 37e avenue,45.416294661505354,-73.6129005253315,16,2,1
Place Valois (Valois / Ontario),45.54714142711512,-73.54339510202408,15,3,0
Sewell / Roy,45.51467743947122,-73.57659816741943,11,8,0
Guy / Notre-Dame,45.49003938678748,-73.56714338064194,21,0,1
Basile-Routhier / Chabanel,45.549846830745,-73.64767402410507,15,3,0
St-Denis / de Maisonneuve,45.51433912935237,-73.56168508529663,3,22,0
Métro St-Michel (Shaughnessy / St-Michel),45.55897660298603,-73.59951764345168,2,13,2
Jacques-Casault / Christophe-Colomb,45.55195050985087,-73.63022357225418,2,16,1
Cartier / Marie-Anne,45.53280412806031,-73.57190161943436,5,21,1
St-Grégoire / Christophe-Colomb,45.53255611409675,-73.58993947505951,16,5,5
St-Patrick / Briand,45.46339729163665,-73.59643578529356,4,12,2
St-Marc / Sherbrooke,45.49444855920154,-73.58337610960007,4,11,0
6e Avenue / Bélanger,45.554582815249745,-73.59631910920143,2,16,0
de Bordeaux / St-Zotique,45.546534315701145,-73.59866335988045,2,16,1
Parc Villeray (Christophe-Colomb / Jarry),45.54811499296316,-73.62433344125746,1,14,1
de Chateaubriand / Jarry,45.54588672296563,-73.62673670053482,0,14,0
St-Antoine / de la Montagne,45.495369835210354,-73.56859177350998,2,13,0
Duvernay / Charlevoix,45.482097305112845,-73.57487753033638,17,2,2
Saint-Rémi / Valois,45.583961790351886,-73.72082591056824,6,17,4
St-André / Ste-Catherine,45.516297540849614,-73.55801045894623,19,5,1
St-Dominique / Gounod,45.53859480227864,-73.62781092524529,8,6,0
Fairmount / Hutchison,45.51962428783392,-73.5983119904995,5,15,1
Murray / Wellington,45.49225247724067,-73.55850666761398,17,9,0
Hamel / Sauvé,45.56099656248322,-73.65141034126282,13,4,2
Métro de Castelnau (de Castelnau / St-Laurent),45.53552563367942,-73.61981123685837,0,22,0
Émile / 7e Avenue,45.56347239088534,-73.69302749633789,2,12,1
Faillon / St-Denis,45.539890852781404,-73.62026989459991,7,15,4
Dollard / Van Horne,45.51887607468706,-73.6161071062088,1,18,1
de la Montagne / Ste-Catherine,45.49774064151583,-73.57484936714172,19,15,0
Boyer /Laurier,45.530370913497194,-73.58651027083397,18,5,4
Dorion / Rachel,45.531597868052245,-73.56829941272736,2,16,1
St-Urbain / Laurier,45.52164617544124,-73.59366774559021,1,18,0
Laurier / de Bordeaux,45.53725128371284,-73.57918381690979,0,23,0
Jean-Paul-Vincent / Adoncour,45.5646764291021,-73.47957750896057,13,0,2
Fernand-Lafontaine / Adoncour,45.5512193,-73.483912,8,6,2
Lebrun / Bédard,45.5470644513283,-73.45196210302673,6,5,4
Industriel / Louis-J.-Lafortune,45.58190955549507,-73.45529912039638,5,14,0
Métro Angrignon (Lamont / des Trinitaires),45.44650450192042,-73.6025619506836,4,16,1
St-Antoine / St-François-Xavier,45.50460620417374,-73.55926036834717,14,4,0
Jeanne-Mance / Fairmount,45.52098373159662,-73.59728068113326,6,10,4
Metcalfe / du Square-Dorchester,45.499898909703695,-73.57048809528351,1,29,0
Léa-Roback / Sir-Georges-Etienne-Cartier,45.471703687608354,-73.58268946409225,20,12,2
Clark / Laurier,45.52256269005034,-73.5934665799141,7,8,4
Montcalm / Ontario,45.52118387502727,-73.56244146823883,27,0,1
Laurier / de Brébeuf,45.532449016819825,-73.5847695171833,14,17,7
Sanguinet / de Maisonneuve,45.51340553558378,-73.56259435415267,11,20,0
Alexandre-DeSève / Ste-Catherine,45.5211613236904,-73.55358481407166,15,3,1
Masson / Molson,45.54434593245247,-73.57697686180472,10,7,3
Parc Loyola (Doherty / Somerled),45.45964243432704,-73.6445640027523,13,4,1
Molson / Wiliam-Tremblay,45.541602844435374,-73.56496073305605,13,14,3
Roy / St-André,45.521564270906616,-73.57036739587784,2,20,0
Atwater / Sherbrooke,45.4912258547597,-73.58763009309769,15,7,1
Ste-Catherine / Bishop,45.49658063218649,-73.5762146115303,9,10,0
Métro Lucien-L'Allier  (Lucien l'Allier / Argyle),45.49487159597493,-73.57112377882004,2,15,0
Carrefour Angrignon (Angrignon / Newman),45.44843408492706,-73.6129454523325,7,10,1
Mackay / Ste-Catherine,45.495774063803815,-73.57687845826149,7,20,0
Ste-Catherine / Towers,45.49228068089086,-73.58096480369566,2,20,0
Viger / Chenneville,45.50531166520915,-73.56089115142822,19,14,0
de l'Hôtel-de-Ville / Viger,45.509556992257025,-73.55740696191788,4,13,0
Boucher / St-Denis,45.52809167572668,-73.59169095754623,4,19,2
Poupart / Logan,45.53012288880358,-73.54941129684448,4,13,1
Métro Viau ( Pierre-de-Coubertin / Viau),45.56221872617909,-73.54626774787903,29,15,1
Stanley / René-Lévesque,45.49790394592446,-73.57077571808077,2,37,2
Gilford / St-Denis,45.52497612960628,-73.58558893203735,2,30,0
Place d'Youville / McGill,45.49996470926352,-73.55615437030792,15,4,0
St-Urbain / René-Lévesque,45.507837541505836,-73.56313616037369,20,12,3
de Maisonneuve / Aylmer (ouest),45.505173440423306,-73.5706517100334,15,21,0
Métro Fabre (Fabre / Jean-Talon),45.54667895468375,-73.60795050859451,2,13,2
des Pins / Hutchison,45.51092810380621,-73.5781578719616,10,9,0
de Maisonneuve / Aylmer (est),45.50538591756765,-73.5704317688942,14,6,0
Hickson / Wellington,45.46487135471258,-73.56701731681824,25,2,0
3e avenue / Wellington,45.457289220778065,-73.5672801733017,18,0,1
Rielle / Wellington,45.460155859306866,-73.56700122356415,15,5,1
CÉGEP du Vieux-Montréal (Ontario / de l'Hôtel-de-Ville),45.51401222645779,-73.56598667800426,13,1,2
Georges-Vanier / Notre-Dame,45.485047979822774,-73.5719633102417,2,15,0
Métro Joliette  (Hochelaga / Joliette),45.54699194653282,-73.55115339159964,3,26,0
Bassin olympique (Chemin du Chenal le Moyne),45.5169025120042,-73.52724552154541,10,1,1
Ottawa / du Séminaire,45.4912954250061,-73.56159925460815,8,13,0
Parc Sauvé (Balzac / de Bayonne),45.598880374710674,-73.63657951360437,1,13,0
des Récollets / Martial,45.590916779468024,-73.64067547023296,5,14,1
7e avenue / Jean-Rivard,45.56360595385142,-73.61588582396507,7,10,4
Parc Jeanne-Mance (monument sir George-Étienne-Cartier),45.51487490356938,-73.58486406505108,31,9,22
City Councillors / du President-Kennedy,45.50625103256782,-73.57139065861702,9,22,0
Clark / Ontario,45.51059890498207,-73.56692545115948,18,0,1
Ste-Émilie / Sir-Georges-Etienne-Cartier,45.472636238971525,-73.58546018600464,15,7,2
Parc St-Henri (Laporte / Guay),45.4801160762769,-73.58560770750046,8,7,1
de Maisonneuve / Mansfield (nord),45.502386079583346,-73.57333794236183,9,9,0
de Maisonneuve / Mansfield (sud),45.502053864057466,-73.57346534729004,10,16,0
Parc de la Louisiane (31e avenue / de Bellechasse),45.56658768199731,-73.57160925865173,2,17,2
HEC (Decelles / Jean-Brillant),45.497722829899764,-73.61925333738327,1,20,1
Milton / St-Laurent,45.512903912221326,-73.57059180741999,4,16,1
McTavish / Sherbrooke,45.50277615861811,-73.57589408755302,32,14,0
6917 Parc Henri-Julien (St-Denis / Legendre),45.547299771025074,-73.64587426185608,8,11,3
Édouard-Montpetit / de Stirling,45.507422884736656,-73.61485183238983,0,26,0
Christophe-Colomb / Gilford,45.52970275925261,-73.58288526535034,1,21,0
Jeanne-Mance / René-Lévesque,45.5063713381299,-73.5642009973526,18,39,3
Parc St-Gabriel (Grand Trunk / Ropery),45.4793397449184,-73.56434315443039,5,14,0
Bishop / René-Lévesque,45.49531907141446,-73.57386231422424,15,16,1
de Bleury / de Maisonneuve,45.50710632433956,-73.56861054897308,9,12,1
Parc Wilfrid-Bastien (Lacordaire / des Galets),45.5864002,-73.5952181,6,11,0
Ste-Catherine / Drummond,45.498488900657,-73.57436656951904,2,24,0
Ste-Catherine / Drummond S/E,45.498669853792904,-73.57423916459084,3,32,3
Marquette / Gillford,45.533814961538,-73.57890486717224,1,13,1
Ste-Catherine / St-Laurent,45.50991130818593,-73.56380604207516,29,1,0
Queen / Wellington,45.49760527699099,-73.55534970760345,0,43,0
Cathcart / McGill College,45.501187681489775,-73.57045487814501,0,27,0
de la Montagne / Notre-Dame,45.492913379064625,-73.5646878182888,13,10,0
Parc du Pélican (1ere Ave / Masson),45.54518840394769,-73.57644259929657,0,37,0
Parc Jean-Drapeau (Chemin Macdonald),45.51321159047488,-73.53311714531628,23,3,0
