station_name,city_bike_latitude,city_bike_longitude,free_bikes,empty_slots,ebikes
Cégep Marie-Victorin,45.617499783128075,-73.60601127147675,4,7,1
Gare d'autocars de Montréal (Berri / Ontario),45.516926210319546,-73.56425732374191,11,3,0
Ateliers municipaux de St-Laurent (Cavendish / Poirier),45.506175841460966,-73.71118605136871,7,12,2
Place Rodolphe-Rousseau (Gohier / Édouard-Laurin),45.5129938566323,-73.68249848484993,22,2,15
Centre des loisirs (Tassé / Grenet),45.51473429416659,-73.69144901633263,2,12,2
Parc Marlborough (Beauzèle / Robichaud),45.52234149817879,-73.72167885303497,5,7,2
Champdoré / de Lorimier,45.566869345371856,-73.64101678133011,8,7,2
Beurling / Godin,45.44791581215845,-73.58381867408752,9,9,2
Kirkfield / de Chambois,45.51293324107222,-73.63389015197754,13,7,5
Parc des Rapides (LaSalle / 6e avenue),45.42947143740888,-73.59309915918857,13,7,2
Métro Longueuil - Université de Sherbrooke,45.52331869398737,-73.52012693881989,17,13,3
St-Charles / Montarville,45.53368199320325,-73.51526074111462,11,4,2
Collège Édouard-Montpetit (de Gentilly / de Normandie),45.53722603812578,-73.49506705999374,12,5,2
Place Longueuil,45.52841043752244,-73.51716578006744,4,11,2
Place du Commerce,45.46714,-73.54259,17,14,0
Marché Maisonneuve,45.55321884238814,-73.53978216648102,13,7,0
Parc Kent (de Kent / Hudson),45.5057209331225,-73.62945914268494,4,22,2
Rachel / de Brébeuf,45.52689,-73.57264,8,20,0
Aréna Rodrigue-Gilbert (du Tricentenaire / de Montigny),45.65140583915357,-73.50041270256041,6,8,3
Parc St-Laurent (Salk / Thomas-Chapais),45.6062348,-73.6287838,8,9,0
Notre-Dame / St-Gabriel,45.50714391928411,-73.55511903762817,6,6,0
Casino de Montréal,45.5063732,-73.52457672,0,29,0
La Ronde,45.52156536710626,-73.53533238172531,1,19,0
U. Concordia - Campus Loyola (Sherbrooke / West Broadway),45.45750908083069,-73.6394852399826,9,17,8
Parc Labelle (LaSalle / Henri-Duhamel),45.47256100297732,-73.56998920440674,14,3,0
des Ormeaux / de Grosbois,45.605901731906485,-73.53436946868896,0,15,0
Parc Reine-Élizabeth (Penniston / Crawford),45.43914465255811,-73.59173655509949,0,14,0
Parc de la Confédération (Fielding / West Hill),45.471881993586074,-73.64002168178558,15,7,1
Bibliothèque d'Ahuntsic (Lajeunesse / Fleury),45.5534000891078,-73.66225451231003,13,0,2
Centre ÉPIC (St-Zotique / 40e avenue),45.57414703721992,-73.57462137937546,10,12,3
Bélanger / des Galeries d'Anjou,45.59722114932571,-73.56279015541077,3,16,1
Cité des Arts du Cirque (Paul Boutet / des Regrattiers),45.55984236120471,-73.61544728279114,6,26,3
Rosemont / Viau,45.56833021674857,-73.56666326522826,3,20,2
Parc Stoney-Point (St-Joseph / 47e avenue),45.43656827071224,-73.70836973190308,6,12,1
Parc LaSalle (10e avenue / Victoria),45.43805550384184,-73.67273926734924,5,14,0
Elgar / de l'Île-des-Sœurs,45.45682318753668,-73.546804189682,11,3,3
St-Jacques / des Seigneurs,45.489185716082275,-73.57190027832984,5,16,0
O'Brien / Poirier,45.52252484113786,-73.69143962860107,3,17,3
Thimens / Alexis-Nihon,45.50897852206792,-73.69856357574463,9,16,6
Parc Van Horne (de la Peltrie / de Westbury),45.490494421832885,-73.63852232694626,10,5,0
Hôpital Sacré-Coeur (Forbes),45.531943590076395,-73.71360540390015,5,8,1
Atwater / Greene,45.480495143306044,-73.57782661914825,6,17,0
Mairie d'arrondissement Montréal-Nord (Hébert / de Charleroi),45.59398503487043,-73.63767206668854,3,17,0
Omer-Lavallée / du Midway,45.5457759528664,-73.56217458844185,0,18,0
Parc Noel-Nord (Toupin / Keller),45.51758306374252,-73.72661411762238,6,13,0
Parc du Bois-Franc (de l'Équateur / des Andes),45.51317758246596,-73.71306091547012,9,9,2
Parc Grovehill (St-Antoine / Ivan-Franko),45.43982382100397,-73.69487822055817,6,9,0
Bibliothèque Jean-Corbeil (Goncourt / Place Montrichard),45.6027276,-73.5579303,1,10,1
Aréna Chaumont (Chaumont / des Ormeaux),45.610926628992026,-73.54673445224762,2,16,1
Parc Chamberland (Dorais / de l'Église),45.502989,-73.689113,12,7,0
Parc Summerlea (53e avenue / St-Joseph),45.43836713933041,-73.71546685695648,14,1,3
Parc Kirkland (des Érables / Boyer),45.44606092178209,-73.65079946815968,4,11,0
William / Robert-Bourassa,45.49716534003792,-73.55933010578154,11,9,1
Quai de la navette fluviale,45.51366626207095,-73.53842496871948,15,0,0
Lapierre / Serge,45.43854405099729,-73.62021625041962,5,9,0
Parc St-Louis (St-Joseph / 34e avenue),45.432839840726125,-73.69349151849747,12,8,0
Victoria / 18e avenue Lachine,45.43579350588776,-73.6801904439926,6,5,1
Métro Jolicoeur (de Sève / Drake),45.45608545783109,-73.58193710446358,6,13,0
Duchesneau / de Marseille,45.60962627826218,-73.52273898082785,6,13,0
Papineau / Émile-Journault,45.55988367688166,-73.63356828689575,24,6,3
LaSalle / Godin,45.44693448484644,-73.57219934463501,17,9,0
Parc Delorme (Malouin / Laferté),45.5904902,-73.5902694,5,13,3
Parc Luigi-Pirandello (de Bretagne / Jean-Rivard),45.57940569041942,-73.60258877277374,12,3,9
Parc Beaulac (rue Élizabeth),45.5200557245067,-73.67795147001743,2,11,2
Parc St-Laurent (Dutrisac),45.52591381815231,-73.68911147117615,9,10,2
CHSLD St-Michel (8e avenue / Jarry),45.5616903,-73.610512,3,10,0
Travaux publics LaSalle (Cordner / Léger),45.44527192876118,-73.62448364496231,1,14,0
Parc de Dieppe,45.501863463435576,-73.5439610481262,4,24,0
Terminus Newman (Airlie / Lafleur),45.425059666150744,-73.64959917962551,9,8,1
Newman / Senkus,45.44404309237571,-73.61375212669373,1,17,1
Smith / Peel,45.49276061084002,-73.55641052126883,13,5,0
de la Commune / King,45.49750375338383,-73.55284452438353,49,21,0
de la Commune / Place Jacques-Cartier,45.50761009451047,-73.55183601379395,72,7,0
de la Commune / St-Sulpice,45.50424245563397,-73.553469479084,41,0,1
Chabanel / du Parc,45.53830765459552,-73.6548838019371,3,26,0
Ottawa / William,45.48972725318433,-73.56406286358833,10,4,0
de la Commune / Berri,45.51086,-73.54983,21,28,0
Berlioz / de l'Île des Soeurs,45.45998577640931,-73.54395568370819,4,17,1
Parc Benny (Benny / de Monkland),45.46693565237702,-73.63153114914894,4,17,2
Cégep André-Laurendeau (Lapierre),45.43605512104547,-73.60577523708344,10,19,1
Métro Henri-Bourassa (Henri-Bourassa / Millen),45.55675103297278,-73.66716161370277,11,3,1
Dixie / 54e avenue,45.44338026469991,-73.71789157390594,6,12,2
LaSalle / 90e avenue,45.41774583815495,-73.64518761634827,8,7,0
Métro de la Concorde (Léo-Lacombe),45.5604898518365,-73.7091851234436,8,10,1
Calixa-Lavallée / Rachel,45.527831544563064,-73.5719096660614,0,27,0
Parc du Mail (Bois de Coulonges / du Mail),45.59833498124187,-73.54596734046936,1,14,1
Marché Jean-Talon (Casgrain / Shamrock),45.53519006163501,-73.61548215150833,3,23,2
Fabrik8 (Waverly / Jean-Talon),45.53330725719417,-73.62082242965698,5,9,1
Parc Courbertin (Valéry / Perrier),45.5839877335556,-73.60809333622456,12,7,10
Parc Hébert (Colbert / Provencher),45.57237805962001,-73.59370462596415,9,5,4
Parc Garibaldi (Liénart / Bélanger),45.586476480180046,-73.570396900177,5,9,1
Parc Aimé-Léonard (Gouin / Ste-Gertrude),45.60835820969716,-73.63850623369217,9,7,2
Parc Charleroi (Alfred / Louis-Francoeur),45.59953472156509,-73.62360253930092,7,8,5
Parc Maurice-Bélanger (Hébert / Denommée),45.5877138098252,-73.63171823322773,7,5,3
Gare St-Michel / Montréal-Nord (Pie-IX / 56e),45.583197821913785,-73.62978704273701,6,8,1
Parc Jeanne-Mance (du Mont-Royal / du Parc),45.51689731423111,-73.58910799026489,1,28,1
Parc Eusèbe-Ménard (Gouin / St-Vital),45.59253950875074,-73.64874824881554,12,6,5
St-Hubert / de Maisonneuve (sud),45.51586835126322,-73.56008380651474,7,10,1
CHSLD Joseph-François-Perrault (St-Michel / Everett),45.55969734528566,-73.60145956277847,2,15,0
Mairie d'arrondissement St-Laurent (Beaudet / Marcel-Laurin),45.50682415585665,-73.68184804916382,2,24,1
Gare Montpellier (Muir / de la Côte-Vertu),45.52374047147138,-73.67169924080372,11,3,1
Gare du Ruisseau (Dutrisac / Henri-Bourassa),45.52814371649508,-73.69254536926746,10,9,0
Bibliothèque du Vieux-St-Laurent (de l'Église / Filiatrault),45.512843286755896,-73.67612421512604,2,16,1
CHSLD Robert Cliche (de Bellechasse / 16e avenue),45.557568,-73.579191,2,12,2
Parc Ottawa (de Belleville / Fleury),45.58116,-73.6412434,8,6,2
Parc Nicolas-Tillemont (des Érables / Villeray),45.55463653358596,-73.61255215771962,7,10,2
Parc Armand-Bombardier (Perras / Armand-Bombardier),45.6391233,-73.5961118,2,13,0
Collège de Rosemont (Beaubien / 15e avenue),45.55774990838239,-73.58380123972893,0,25,0
Préfontaine / Marcel-Pépin,45.54365380040509,-73.55942063033581,3,15,1
Métro Atwater (Atwater / Ste-Catherine),45.48952522221574,-73.5844581949641,9,24,2
Hochelaga / de l'Assomption,45.566883091095185,-73.53943817317486,7,16,2
de Chambly / de Rouen,45.54710313981358,-73.54892447590828,1,9,0
BAnQ (Berri),45.51601387670667,-73.56291957199574,5,8,2
Parc Ernest-Rouleau (Gouin),45.63131269772338,-73.61631497740746,12,7,1
Hôpital Général Juif (de la Côte-Ste-Catherine / Légaré),45.49624140543275,-73.62983867526054,7,18,3
CHU Ste-Justine (de la Côte Ste-Catherine / Hudson),45.50398168549117,-73.62283945083618,15,21,0
Parc Honoré-Mercier (Notre-Dame / Liébert),45.59275253568305,-73.51035632193089,26,1,4
Keller / Cousineau,45.52355020292929,-73.7138856947422,11,3,0
Parc d'Antioche (Place d'Antioche / St-Zotique),45.59566584124368,-73.5596626996994,6,13,3
Gare Lachine (Sir George Simpson / 48e avenue),45.447821314280105,-73.71091783046722,0,15,0
de Gaspé / Marmier,45.529668174024685,-73.60166944563389,13,8,12
Grenet / Poirier,45.51871924623225,-73.69875401258469,8,7,5
IUSMM (Georges-Villeneuve),45.58661042838809,-73.52969169616699,10,8,2
Square Nelligan (des Appalaches / Alexis-Nihon),45.51431824920811,-73.70799824595451,12,2,5
Parc MacDonald (Clanranald / Isabella),45.48274245886277,-73.63497912883759,7,6,2
La Tour de Montréal (Pierre-de-Coubertin / Bennett),45.55970526805903,-73.55155438184738,5,17,2
St-Antoine / 19e avenue,45.43993803436114,-73.68146234754022,12,3,3
Messier / St-Joseph,45.53946063965585,-73.57605636119843,1,15,0
Square Viger (Berri / Viger),45.5121682576952,-73.55481594800949,17,11,0
Dorion / Ontario,45.526991277453526,-73.55821162462234,23,10,0
Larivière / de Lorimier,45.5291345371163,-73.55923354625702,25,12,0
René-Lévesque / Papineau,45.52097057660443,-73.5499919950962,5,32,1
Logan / Fullum,45.52836601591233,-73.55117082595825,18,0,1
Joseph-Manseau / René-Lévesque,45.491686521008035,-73.57676714658737,10,9,0
du Havre / de Rouen,45.53456256501449,-73.55478646466509,17,10,1
Square Victoria (Viger / du Square-Victoria),45.50206,-73.56295,9,10,3
Métro Peel (de Maisonneuve / Stanley),45.50038,-73.57507,28,21,5
Métro Place-d'Armes (Viger / St-Urbain),45.50631445605528,-73.55967122894072,20,9,2
Métro Laurier (Berri / Laurier),45.52809995527671,-73.58843871625139,0,22,0
St-Hubert / de Maisonneuve (nord),45.51613214980722,-73.56049686670303,9,14,1
de Rouen / Lespérance,45.538859462962286,-73.5528177022934,21,0,2
Calixa-Lavallée / Sherbrooke,45.52479,-73.56545,0,18,0
St-Hubert / Duluth,45.522425652788634,-73.57418417930603,18,4,2
de Bullion / du Mont-Royal,45.52141314643908,-73.58498811721802,2,17,0
de Lanaudière / Laurier,45.5333136054992,-73.58373686671257,26,0,2
Laval / Duluth,45.51922631024093,-73.57718793155072,5,17,3
Vallières / St-Laurent,45.518967223320054,-73.5836161673069,0,21,0
Duluth / de l'Esplanade,45.515132275425785,-73.58105599880219,0,22,0
Hogan / Ontario,45.535295480380306,-73.55116009712219,6,4,0
la Fontaine / Alexandre-de-Sève,45.52330366033427,-73.55799973011017,15,2,0
Ste-Catherine / Union,45.50373771539475,-73.56948494911194,2,29,0
Chabot / Mont-Royal,45.53413436610844,-73.57352435588837,2,21,0
Gauthier / Papineau,45.52966629503036,-73.56733649969101,7,15,1
Messier / du Mont-Royal,45.53711414,-73.5710031,12,12,2
Laval / du Mont-Royal,45.5223645775784,-73.58414590358734,10,4,2
Jeanne-Mance / Sherbrooke,45.50928678961862,-73.57101917266846,20,5,0
Métro Laurier (Berri / St-Joseph),45.52723106564012,-73.58672618865965,2,13,0
Pontiac / Gilford,45.527009334270645,-73.58576595783234,1,20,0
Christophe-Colomb / St-Joseph,45.53036486555959,-73.58439266681671,16,7,0
Cartier / St-Joseph,45.53582823686429,-73.57869029045105,14,5,0
Métro Frontenac (Ontario / du Havre),45.533705987798946,-73.55217933654784,14,7,2
Roy / St-Denis,45.51908,-73.5727,12,13,1
Maguire / Henri-Julien,45.527041096087785,-73.59347056655677,0,19,0
Henri-Julien / du Carmel,45.52795093787009,-73.59502326697111,1,21,0
Cartier / Masson,45.5380207402854,-73.58352363109587,8,10,2
Parc Ludger-Duvernay (St-André / St-Hubert),45.53147464147482,-73.59242051839828,6,13,1
Drolet / Marie-Anne,45.522402573414084,-73.58117669820786,10,9,1
St-André / Rachel,45.52435318759273,-73.57596650719643,2,12,1
Garnier / St-Joseph,45.5330129192707,-73.58128666877745,17,2,1
Jeanne-Mance / St-Viateur,45.523026476635074,-73.60184043645859,2,18,1
du Parc-La Fontaine / Duluth,45.52451761488783,-73.57197672128677,0,22,0
Casgrain / St-Viateur,45.52751292628879,-73.59879076480864,4,17,0
St-Dominique / Laurier,45.52361490311454,-73.59245739877223,3,17,0
de Bullion / St-Joseph,45.52404631813311,-73.59015061847458,7,15,0
de Gaspé / Fairmount,45.52557815939422,-73.59285570681095,14,9,3
de l'Hôtel-de-Ville / Villeneuve,45.52348082760688,-73.58732756238169,10,12,3
Henri-Julien / Laurier,45.52574657625029,-73.59033644199371,4,18,0
Marquette / Laurier,45.53543,-73.5822,21,4,1
Milton / du Parc,45.50936142835129,-73.57386365532875,11,17,1
Waverly / St-Viateur,45.5238561444472,-73.60012650489807,8,11,5
de Bordeaux / Gilford,45.53611005443118,-73.5762870311737,7,11,2
de Bordeaux / Masson,45.53898439552301,-73.5824453830719,7,11,1
Labadie / du Parc,45.5198946757576,-73.59682738780975,6,12,0
Fullum / Marie-Anne,45.53650541861215,-73.56803923845291,7,20,1
Parthenais / du Mont-Royal,45.53640396516409,-73.57141345739365,11,10,0
Clark / St-Viateur,45.5251943015533,-73.59935637563467,11,2,5
Duluth  / St-Denis,45.52062760607925,-73.57594907283782,13,0,1
Resther / du Mont-Royal,45.52562819123256,-73.58177483081818,11,10,0
de Mentana / Marie-Anne,45.526026565221414,-73.57785880565643,11,14,0
Hutchison / Prince-Arthur,45.50975858607626,-73.57610732316971,12,5,1
du Mont-Royal / Clark,45.51941,-73.58685,3,28,2
Bernard / Jeanne-Mance,45.52428310031213,-73.6049484461546,6,16,2
Jeanne-Mance / Laurier,45.52027633320609,-73.59497621666378,2,18,2
Milton / Durocher,45.508140959417744,-73.57492983341217,2,23,1
Clark / Prince-Arthur,45.513342512307055,-73.57301607728004,22,7,1
Bercy / Rachel,45.53840340979245,-73.56196403503418,0,15,0
de l'Esplanade / du Mont-Royal,45.51825290855221,-73.5883381962776,0,17,0
Villeneuve / St-Urbain,45.520188,-73.590559,2,17,1
de Rouen / Hogan,45.53636263222538,-73.55421245098114,8,4,1
de Gaspé / St-Viateur,45.527672646696104,-73.59738260507582,11,7,0
Waverly / Van Horne,45.527363,-73.607723,12,1,1
Poupart / Ontario,45.531836726498305,-73.55348825454712,9,9,0
Querbes / Laurier,45.51748721436461,-73.59788417816162,3,11,0
Berri / Cherrier,45.519266156911335,-73.5692971944809,32,4,6
Aylmer / Prince-Arthur,45.508566869474386,-73.57769787311554,2,21,1
Bloomfied / Elmwood,45.51825588419192,-73.60320568084717,5,9,2
Marie-Anne / St-Hubert,45.5246829812827,-73.5788968205452,20,2,0
Durocher / Bernard,45.52222528598142,-73.60668718814848,14,1,5
Fullum / de Rouen,45.5321322155395,-73.55876013636589,11,14,0
Sherbrooke / Frontenac,45.5367,-73.56081,2,13,0
Square St-Louis (du Square St-Louis / Laval),45.516090801970655,-73.5701286792755,26,5,4
St-André / Cherrier,45.52051578783967,-73.567695915699,11,16,0
Gauthier / Parthenais,45.53292625574653,-73.56377989053726,15,0,0
Garnier / St-Grégoire,45.5358215436799,-73.58710169792175,17,8,2
de Lanaudière / Marie-Anne,45.52932643090091,-73.57480645179749,0,14,0
de Lanaudière / du Mont-Royal,45.53022106537559,-73.57699647545813,3,26,1
Boyer / du Mont-Royal,45.527432126380575,-73.57991673052311,11,16,0
Chapleau / du Mont-Royal,45.53867,-73.56936,5,11,3
Parc de Bullion (de Bullion / Prince-Arthur),45.515604257816335,-73.57213497161865,16,3,2
Hutchison / Van Horne,45.52497706918177,-73.6106863617897,4,15,3
Hélène-Baillargeon / St-Denis,45.52974,-73.59527,2,16,0
St-Dominique / Bernard,45.52793332015246,-73.60122251338906,0,23,0
Durocher / Sherbrooke,45.507076248365834,-73.57228517532349,9,13,1
de l'Hôtel-de-Ville / Sherbrooke,45.514524730294404,-73.56835573911665,16,11,5
Cartier / Rosemont,45.54124722370603,-73.59104454517365,9,8,4
Graham / Brookfield,45.52022241072457,-73.62985610961914,9,14,1
Brittany / Ainsley,45.52588991809354,-73.65003436803818,6,12,1
Parc Pratt (Dunlop / Van Horne),45.514918954061876,-73.61968517303467,3,11,1
de Bellechasse / de St-Vallier,45.53341043363302,-73.60112428665161,9,9,1
St-Dominique / St-Zotique,45.53226461018495,-73.6110632121563,2,27,1
Louis-Hébert / de Bellechasse,45.546661109634606,-73.58868420124054,2,24,2
Parc Joyce (Rockland / Lajoie),45.515617,-73.614991,2,12,1
des Érables / Bélanger,45.54912085535069,-73.60087350010872,0,12,0
Louis-Hébert / St-Zotique,45.55001,-73.59576,11,4,2
de Gaspé / Beaubien,45.531957916826386,-73.60700100660324,14,5,4
Parc Père-Marquette (Chambord / Rosemont),45.537087833013324,-73.59321847558022,17,26,3
1ère avenue / Rosemont,45.54779995287998,-73.58486741781235,9,6,5
1ère  avenue / St-Zotique,45.551937362101,-73.59392791986465,8,6,3
Boyer / Rosemont,45.53409866804061,-73.59553456306458,5,25,2
Cartier / Bélanger,45.546779039476185,-73.60281676054001,10,13,0
de l'Hôtel-de-Ville / Roy,45.51733075399989,-73.57449866831303,10,6,1
de Brébeuf / du Mont-Royal,45.52927839879717,-73.57792854309082,3,20,2
Drolet / Beaubien,45.533348,-73.605834,4,15,2
5e avenue / Rosemont,45.54990048023633,-73.58308374881744,2,17,2
Chabot / Beaubien,45.544375546398065,-73.59564453363419,1,13,0
Henri-Julien / de Bellechasse,45.5315079142152,-73.60308364033699,5,14,2
27e avenue / Rosemont,45.563709940264175,-73.57139468193054,4,15,2
Drolet / St-Zotique,45.53488214147823,-73.60941231250763,1,18,0
Fullum / Holt,45.54391953154915,-73.58424894533528,0,27,0
3e avenue / Holt,45.54800352985515,-73.58138993382454,5,13,2
de St-Vallier / St-Zotique,45.536434338630336,-73.60783427975548,5,12,2
Cartier / Dandurand,45.53923559055867,-73.58594566583633,20,2,11
Graham / Wicksteed,45.51693654712809,-73.64048302173615,12,7,7
Mozart / Waverly,45.5315236502754,-73.61701235175133,8,7,1
Chabot / de Bellechasse,45.5425697477813,-73.59214425086974,4,15,1
de Lanaudière / Bélanger,45.54365085053057,-73.60565051436424,16,7,9
Waverly / St-Zotique,45.53050525974957,-73.61470833420753,4,15,1
15e avenue / Masson,45.55389801568004,-73.5713866353035,9,13,0
Fabre / St-Zotique,45.543653916207866,-73.60126135876271,18,1,5
16e avenue / St-Joseph,45.55293611277267,-73.56577143073082,8,13,0
Boyer / Bélanger,45.54006,-73.60897,4,18,3
St-Urbain / Beaubien,45.52954744851231,-73.61071854829788,5,10,2
Marie-Anne / Papineau,45.53176697148175,-73.5724139213562,0,22,0
Jeanne-Mance / Beaubien,45.527650097960205,-73.61229971051216,3,12,0
Métro Place-des-Arts (du Président-Kennedy / Jeanne-Mance),45.508204615051355,-73.56881439685822,17,9,5
Marquette / Rachel,45.52983801723605,-73.5703244805336,1,13,1
Wolfe / Robin,45.51958082831579,-73.5601159930229,21,1,5
Bourbonnière / du Mont-Royal,45.55358456339093,-73.56052905321121,8,13,2
Graham / Kindersley,45.514080696641386,-73.64694982767105,9,14,1
McCulloch / de la Côte Ste-Catherine,45.51577505385328,-73.60060930252075,3,10,2
26e avenue / Beaubien,45.56485589064712,-73.5774926841259,12,1,0
de Chambly / Rachel,45.54991069359101,-73.55826258659361,4,19,1
35e avenue / Beaubien,45.570081,-73.573047,17,10,1
de Bordeaux / Sherbrooke,45.529914321737415,-73.56302618980408,1,17,0
d'Orléans / Hochelaga,45.55061693669672,-73.54901432991028,2,16,0
Jeanne-d'Arc / Ontario,45.54959767887176,-73.54187428951263,16,7,1
41e avenue / Rosemont,45.57178977666956,-73.56431499123573,12,7,3
Parc de Beauséjour (Gouin / Henri-d'Arles),45.526765,-73.730423,13,4,2
12e avenue / St-Zotique,45.5568667309625,-73.589306473732,4,18,1
19e avenue / St-Zotique,45.56168275734862,-73.58564794063568,17,3,3
de Lisieux / Jean-Talon,45.57934937043077,-73.58168095350266,9,8,1
de Gaspé / Dante,45.53429782539273,-73.61217230558395,0,23,0
Davaar / de la Côte-Ste-Catherine,45.514379,-73.610871,3,12,0
Alton-Goldbloom / Notre-Dame,45.54502601340392,-73.73787671327591,9,10,2
Bloomfield / Van Horne,45.522745298216094,-73.61328139901161,21,0,3
Place des Festivals ( du Président-Kennedy / de Bleury),45.50764392965887,-73.56932401657104,21,5,2
de la Roche / Bélanger,45.541669595766315,-73.60760450363159,22,1,5
Campus MIL (Outremont / Thérèse-Lavoie Roux),45.52311432992147,-73.61815363168716,14,8,0
Le Corbusier / St-Martin O,45.565006717407506,-73.7319054454565,0,19,0
Place du Canada (Peel / des Canadiens-de-Montréal),45.49788352593901,-73.56856763362885,7,18,1
Dollard / Bernard,45.51678269880724,-73.61142262816429,13,9,0
de la Roche /  de Bellechasse,45.53718135927993,-73.59750330448149,7,7,4
11e avenue / du Souvenir,45.56933906192115,-73.70472729206085,11,3,8
Ernest-Gendreau / du Mont-Royal,45.549713734001415,-73.56384828686714,2,19,1
Paré / Mountain Sights,45.49810026070624,-73.65294188261032,10,3,3
Robin / 15e rue,45.559495502858624,-73.6989176273346,7,8,2
Beaudry / Sherbrooke,45.52303493310712,-73.56539458036421,0,27,0
8e avenue / Dandurand,45.550113551561694,-73.5772217810154,2,17,1
Métro Université de Montréal (Édouard-Montpetit / Louis-Collin),45.50363996257211,-73.6182689666748,2,22,1
Parc Henri-Dunant (Léger / Henri-Dunant),45.56843961893042,-73.6752020941276,8,9,3
Gauthier / de Lorimier,45.53166363055749,-73.56536373496056,4,14,2
du Mans / des Alouettes,45.58033485941123,-73.68471868336201,9,11,5
St-Dominique / Napoléon,45.51666442219882,-73.57722043991089,16,5,1
St-Jean-Baptiste / René-Lévesque,45.64141535746634,-73.4999567270279,5,10,3
Sabrevois / des Récollets,45.583287878804136,-73.63276362419128,8,7,2
Parc nature de l'Île-de-la-Visitation (Gouin / de Bruchési),45.57833184623925,-73.65595400333405,4,12,1
du Tricentenaire / Prince-Albert,45.64954588445726,-73.49191546440125,12,3,2
Fortune / Wellington,45.477923,-73.559038,4,21,0
Place du Village (St-Jean-Baptiste / Notre-Dame),45.640002860465096,-73.49011301994324,4,9,2
Gary-Carter / St-Laurent,45.53613488953656,-73.62258464097977,5,33,1
Métro Parc  (Hutchison / Ogilvy),45.53035130173597,-73.6243924498558,9,22,2
Logan / de Champlain,45.5231943285584,-73.55584256350994,7,12,0
Bourgeoys / Favard,45.47993042065731,-73.55592101812363,20,6,3
Richmond / des Bassins,45.48752158511353,-73.56500297784805,18,12,1
Parc Chenier (de l'Aréna / Chenier),45.60248649638568,-73.5432904958725,6,13,0
René-Lévesque / Panet,45.51862424058306,-73.55219006538391,6,12,0
6e avenue / Villeray,45.55873962047568,-73.60589044634253,6,8,1
du Mont-Royal / Augustin-Frigon,45.54355786336148,-73.56780052185059,2,15,0
Michelet / Jean-Talon,45.57627820285533,-73.58353972434998,1,22,0
des Bassins / du Séminaire,45.49047561880464,-73.56022328138351,32,1,0
Parc du Pélican (2e avenue / St-Joseph),45.544580831168204,-73.5717111825943,3,13,1
Marie-Anne / de la Roche,45.527550507601894,-73.5762870311737,1,18,0
St-Dominique / Rachel,45.518593,-73.581566,5,24,3
7e avenue / St-Joseph Rosemont,45.54710817336986,-73.56936693191528,9,18,2
Jean Langlois / Fullum,45.526499983000186,-73.54575277422555,6,25,0
Bibliothèque de Verdun (Brown / Bannantyne),45.44826204820947,-73.57785612344742,2,13,0
LaSalle / Crawford,45.43791516514076,-73.58253550531117,4,11,0
McNamara / St-Martin O,45.57120355585774,-73.72351884841918,11,8,0
Natatorium (LaSalle / Rolland),45.4443505862464,-73.57542979723802,12,15,1
Mairie d'arrondissement LaSalle (Dupras / Jeannette),45.429166968311485,-73.66280972957611,5,10,2
Parc Chopin (Dumouchel / Tessier),45.570726609302966,-73.7370860205192,3,16,1
Pierre-Péladeau / du Centropolis,45.56251175219665,-73.74370649456978,11,9,2
Jeanne-Mance / St-Martin O,45.557421482389636,-73.7480603903532,14,9,4
Argyle / de Verdun,45.45301583620112,-73.57191503047943,5,18,4
St-Jacques / Vinet,45.485328993998365,-73.57692271471024,3,10,0
St-Charles / Thomas-Keefer,45.477605,-73.573775,2,18,2
de Chenonceau / Chomedey,45.56157,-73.75448,8,14,4
St-Joseph / 8e avenue Lachine,45.431518914135125,-73.67110446095467,2,22,0
Lionel-Groulx / George-Vanier,45.486346321757786,-73.57352435588837,15,7,0
8e avenue / Notre-Dame Lachine,45.43498715540587,-73.67079868912697,13,5,4
Beatty / de Verdun,45.450729976972944,-73.5725748538971,18,3,1
Mayfield / St-Martin O,45.553017541248565,-73.75822663307189,4,15,1
Gloria / Dollard,45.42971096449354,-73.633883446455,7,8,2
Bel Air / St-Antoine,45.4824297233159,-73.58367975812143,12,10,3
4e avenue / de Verdun,45.4568844514464,-73.57260704040527,8,6,1
41e avenue / Victoria,45.44053238705948,-73.70242863893507,11,4,4
de l'Église / Bannantyne,45.4632535358533,-73.57587933540344,10,5,0
Regina / de Verdun,45.467369,-73.570769,7,16,0
Turgeon / Notre-Dame,45.478888528072076,-73.58198940753937,11,6,1
Jacques-Le Ber / de la Pointe Nord,45.47259900304475,-73.5398056358099,6,21,1
Métro Lasalle (de Rushbrooke / Caisse),45.47069642604657,-73.56542240828276,7,14,2
Métro de l'Église (Ross / de l'Église),45.462846046287325,-73.56592163443565,18,0,3
Métro Verdun (Willibrord / de Verdun),45.459487694540734,-73.57209205627441,4,22,0
Rose-de-Lima / Workman,45.48026417718717,-73.58099363744259,14,8,2
Panet / Ste-Catherine,45.51999897796297,-73.5548883676529,17,8,0
Ste-Claire / Pierre-Tétreault,45.60191332161639,-73.52441847324371,10,9,0
Parc Félix-Leclerc (François-Boivin / St-Zotique),45.5914549914687,-73.56275528669356,5,10,3
Desjardins / Ontario,45.55118417872238,-73.54087114334106,4,19,1
Métro Lionel-Groulx (St-Jacques / Atwater),45.48295816149219,-73.57975836854166,23,9,2
5e avenue / Bannantyne,45.456365,-73.57614,14,1,3
Letourneux / Ste-Catherine,45.55078357889704,-73.53409996037954,13,4,1
de Grosbois / Duchesneau,45.611230741550536,-73.5312415660519,1,14,1
Métro Préfontaine (Moreau / Hochelaga),45.541374968866094,-73.5542231798172,4,27,0
Peel / Notre-Dame,45.49544692088696,-73.56329441070557,8,39,0
Letourneux / Hochelaga,45.55465888075087,-73.54660302400589,4,9,0
Ontario / Sicard,45.55626186680846,-73.53744059801102,12,9,3
Argyle / Bannantyne,45.453318765468914,-73.5767751932144,6,9,0
Ontario / Viau,45.5594818,-73.535496,13,6,0
Souligny / Desmarteau,45.60444089974122,-73.51611837744713,11,3,4
Parc Lalancette (de Rouen / Valois),45.54814504700217,-73.5471260547638,1,21,0
Métro Pie-IX (Pierre-de-Coubertin / Desjardins),45.554373399819674,-73.55137467384337,0,39,0
Montcalm / de Maisonneuve,45.519131967116216,-73.55788965214742,19,0,1
Métro Beaudry (Beaudry / Ste-Catherine),45.51888453178292,-73.55593845248222,20,2,2
des Ormeaux / Notre-Dame,45.59926552299961,-73.51226069033146,10,11,1
Ste-Catherine / Dezery,45.539385081961676,-73.54099988937377,14,5,4
Métro Assomption (Chauveau / de l'Assomption),45.569789,-73.548081,3,19,3
André-Laurendeau / Rachel,45.54303187243879,-73.56256484985352,1,20,1
Métro Cadillac (Cadillac / Sherbrooke),45.57683333463968,-73.54647415224463,16,3,8
du Parc-Lafontaine / Rachel,45.52551168509886,-73.57424452900887,0,15,0
St-Germain / Hochelaga,45.543652466151,-73.5534825682771,4,11,1
Métro Langelier (Langelier / Sherbrooke),45.58284663189181,-73.54247644543648,8,11,3
Pierre-de-Coubertin / Langelier,45.580314546424674,-73.5353136062622,4,13,3
Atateken / du Square Amherst,45.52063377251984,-73.56390595436096,22,7,0
de Léry / Sherbrooke,45.54099971663243,-73.55826258659361,0,20,0
Du Quesne / de Marseille,45.575812361972055,-73.54123055934906,8,14,1
St-André / Ontario,45.51889,-73.56353,17,0,0
Valois / Ste-Catherine,45.54522973039872,-73.53725016117096,21,2,1
Bibliothèque et Complexe aquatique Rosemont (8e avenue / Rosemont),45.55151193681962,-73.58207792043686,0,14,0
Nicolet / Sherbrooke,45.54969542033443,-73.55464696884155,6,16,1
Alexandre-DeSève  / Ontario,45.52435882510794,-73.56053441762924,9,13,1
Dézéry / Ontario,45.54095791741757,-73.54702949523926,16,9,3
Ste-Catherine / St-Clément,45.55671730558936,-73.53024959564209,10,3,1
de l'Église / de Verdun,45.46300108733155,-73.57156895217486,16,3,4
St-Jacques / St-Laurent,45.50644464920572,-73.55648696422577,11,9,2
Liébert / Hochelaga,45.59587457490178,-73.52352797985077,4,18,0
du Champ-de-Mars / Gosford,45.50965520472071,-73.55400860309601,4,19,2
St-Jacques / McGill,45.50144108135568,-73.56014415621758,17,14,0
de l'Hôtel-de-Ville / Rachel,45.51989655507833,-73.58010649681091,9,3,1
Gagne / LaSalle,45.422451407155854,-73.601194024086,10,9,1
Métro Honoré-Beaugrand (Sherbrooke / Honoré-Beaugrand),45.5967964774917,-73.53517949581145,1,21,0
des Récollets / McGill,45.5008764952487,-73.55900555849075,8,13,0
Métro Radisson (Sherbrooke / des Groseilliers),45.58917500418707,-73.53965610265732,11,8,2
William / St-Henri,45.49891911390352,-73.55725407600403,8,4,0
Bélanger / St-Denis,45.53696,-73.61199,4,17,2
Marché Jean-Talon (Henri-Julien / Jean-Talon),45.53678525128436,-73.6148879583925,4,19,4
St-Nicolas / Place d'Youville,45.501966859101564,-73.55515256524086,4,19,1
Molson / Beaubien,45.54968589617967,-73.59115451574326,6,13,5
d'Orléans / Masson,45.557192,-73.569847,11,8,6
Union / Ste-Catherine,45.504027213143104,-73.56970220804214,3,32,0
du President-Kennedy / Union,45.505102242483595,-73.57187882065773,3,17,0
de Grenoble / de Cassis,45.57889719514108,-73.70492711663245,8,11,2
Darling / Sherbrooke,45.54545514686953,-73.55673909187317,1,22,0
5e avenue / Masson,45.54752382909683,-73.57513636350632,4,21,0
10e avenue / Masson,45.55037651450808,-73.57373356819151,21,4,0
St-Alexandre / Ste-Catherine,45.50527354034462,-73.5674786567688,9,17,1
Métro Bonaventure (de la Gauchetière / de la Cathédrale),45.49831217703312,-73.56725603342056,2,28,0
Grand Boulevard / Sherbrooke,45.46670033299904,-73.62355081379064,9,9,0
Langelier / Marie-Victorin,45.61451982045293,-73.6118745803833,5,10,3
Benny / Sherbrooke,45.4648769981855,-73.62659722566605,12,7,3
Park Row O / Sherbrooke,45.46072936353252,-73.63407254219055,14,1,1
Lucien L'Allier / St-Jacques,45.493514106710734,-73.56848180294037,7,13,0
Aylmer / Ste-Catherine,45.50434678685089,-73.56894850730896,3,36,1
Grand Boulevard / de Terrebonne,45.470535000953966,-73.63165721297264,9,13,3
des Jockeys / Décarie,45.49404432109336,-73.65449488162994,6,10,0
Lacombe / Victoria,45.49048314001669,-73.62913727760315,3,16,2
Parc Georges St-Pierre (Oxford / Upper Lachine),45.46887995929811,-73.60943913459778,13,4,6
Métro Côte-Ste-Catherine (Beaucourt / de la Côte-Ste-Catherine),45.491513,-73.633649,10,13,0
Marcil / Sherbrooke,45.471743,-73.613924,14,8,2
Boyer / Beaubien,45.537041,-73.602026,5,20,2
Grey / Sherbrooke,45.47629426230192,-73.60617488622665,4,9,0
Boyer / St-Zotique,45.53848,-73.60556,6,12,3
Workman / Vinet,45.483788863965174,-73.5750612616539,4,18,0
Parc Howard (de l'Épée / de Liège),45.53318929909303,-73.64188581705093,3,9,0
Wilderton  / Van Horne,45.51014162409143,-73.6247518658638,5,21,2
de Monkland / Girouard,45.47710675189806,-73.6214379966259,18,5,1
Métro Villa-Maria (de Monkland / Décarie),45.4789683985657,-73.61959934234618,9,17,3
de la Côte St-Antoine / Royal,45.468926984877434,-73.6198702454567,14,5,1
Métro Vendôme (de Marlowe / de Maisonneuve),45.47393028235147,-73.60473453998564,11,20,0
Marquette / des Carrières,45.53879934493943,-73.58870029449461,16,10,1
d'Outremont / Ogilvy,45.52687028194893,-73.62672328948975,3,16,1
de Kent / de la Côte-des-Neiges,45.50144933057703,-73.63305062055588,35,2,10
Métro Acadie (de l'Acadie / Beaumont),45.52357479400008,-73.62344294786453,2,11,0
Earnscliffe / Queen-Mary,45.481845071377414,-73.63037377595901,10,12,3
Leman / de Chateaubriand,45.54721107501036,-73.63105237483978,8,4,0
Parc des Hirondelles (Fleury / André-Jobin),45.5762948651025,-73.646759390831,10,9,3
de Melrose / Sherbrooke,45.46991202213883,-73.61735232174397,12,6,6
Métro Snowdon (de Westbury / Queen-Mary),45.48542414888848,-73.62816195935011,1,22,1
de St-Firmin / Fleury,45.570624722078364,-73.6517858505249,15,8,8
Marquette / Fleury,45.56735205736566,-73.65378744900227,8,7,2
Parc Joseph-Robin (18e avenue / Everett),45.56481129244175,-73.59580412507057,9,9,2
Everett / Garnier,45.54758153109644,-73.61220851540565,7,8,3
8e avenue / Everett,45.55776151418004,-73.60154539346695,9,5,4
Francis / Fleury,45.56387237463668,-73.6555677652359,9,10,0
Métro Jarry (Lajeunesse / Jarry),45.54355974189168,-73.62777203321457,2,20,1
Boyer / Everett,45.54310243053054,-73.61607524188003,9,10,3
Louis-Hébert / Bélanger,45.55158518908433,-73.59916493296623,2,15,2
Chambord / Fleury,45.55982811984724,-73.65832507610321,5,9,4
de Bordeaux / Jean-Talon,45.54975479298636,-73.60556602478027,4,9,1
Louis-Hémon / Jean-Talon,45.5517742671765,-73.60347837231528,1,16,0
Rousselot / Jarry,45.55081979211847,-73.62088680267334,2,13,0
Péloquin / Fleury,45.55702223161539,-73.6599015713,14,1,1
de Normanville / Villeray,45.547172039327485,-73.61815631389618,8,10,1
de la Roche / Everett,45.544867,-73.614841,1,12,1
du Rosaire / St-Hubert,45.54481928225348,-73.6215104162693,11,12,8
Métro Crémazie (Crémazie / Lajeunesse),45.54640752148169,-73.63842844963074,2,13,0
Lajeunesse / Villeray,45.54218173507584,-73.62268656492233,11,4,6
Drolet / Jarry,45.54195463236575,-73.62994194030762,2,16,0
Lajeunesse / de Liège,45.545580534390176,-73.63490000367165,11,3,1
Émile-Journault / de Chateaubriand,45.54983321292286,-73.64063255488873,7,10,4
Ropery / Augustin-Cantin,45.48097552629275,-73.56863468885422,18,3,1
Ann / Wellington,45.49449368327543,-73.55676054954529,11,4,2
Richardson / Montmorency,45.484966061164755,-73.56032252311707,3,27,0
Dubois / Eadie,45.45760820718457,-73.59051011502743,4,17,0
Parc Ferland (Belleherbe / Albanel),45.59573798024675,-73.59529852867126,10,5,5
de la Côte St-Antoine / Argyle,45.48624101696415,-73.59572768211365,4,14,0
Victoria Hall,45.48129146961133,-73.6003303527832,13,2,2
Berri / Rachel,45.52275023118295,-73.57724860310555,12,5,1
Augustin-Cantin / Shearer,45.48390169543355,-73.56363236904144,6,24,0
Mackay / de Maisonneuve,45.49682986230046,-73.57913017272949,9,27,3
St-Mathieu / Sherbrooke,45.495789104811756,-73.58259558677672,10,12,1
Guy / Sainte-Catherine,45.49497512853125,-73.57777043248461,18,11,4
Notre-Dame-de-Grâce / Westmount,45.48046706437983,-73.61122308304402,3,11,0
des Pins / St-Laurent,45.51522812881499,-73.5750961303711,17,9,2
Hamilton / Jolicoeur,45.45670282849069,-73.59764268636354,8,7,2
Monk / de Biencourt,45.458663192410306,-73.59602272510529,12,3,0
Ryde / Charlevoix,45.4757434,-73.5646007,7,18,1
Peel / Ottawa,45.49419955357054,-73.55998456478119,22,5,2
Shearer / Centre,45.4828250990486,-73.56206325352105,9,4,0
Métro Monk (Allard / Beaulieu),45.451030919298056,-73.5939010977745,4,12,0
St-Jacques / Guy,45.491366875439965,-73.57010722160338,10,11,1
Victoria / de Maisonneuve,45.47742856483265,-73.60016942024231,11,3,3
Plessis / Ontario,45.523594936648244,-73.56099039316177,14,5,0
Canning / Notre-Dame,45.486318644010225,-73.5702332854271,14,9,0
St-Antoine / Jean-Paul Riopelle,45.502939709023714,-73.56064036488532,14,8,1
Métro Beaubien (de Chateaubriand / Beaubien),45.5353599615622,-73.60363483428955,2,25,0
de l'Hôtel-de-Ville / Ste-Catherine,45.51166045593874,-73.56213569641113,7,23,0
Parc St-Paul (Le Caron / Marc-Sauvalle),45.461741021347436,-73.58412176370621,7,14,0
de Castelnau / Lajeunesse,45.54043190217008,-73.61650675535202,1,13,1
Fullum / Ste-Catherine,45.52711644190572,-73.54801654815674,8,10,3
Bourget / St-Jacques,45.48067368593179,-73.58351558446884,11,7,0
Métro Édouard-Montpetit (du Mont-Royal / Vincent-d'Indy),45.510200304274754,-73.6114051938057,0,25,0
St-Laurent / Pl. du Marché,45.50928960913111,-73.56241598725319,21,6,0
Charles-Daoust / 75e avenue,45.54250587659489,-73.74095320701599,9,16,2
Henri-Julien / de Castelnau,45.53789110878484,-73.6182153224945,5,18,3
Stinson / Montpellier,45.51962176248447,-73.6662483215332,2,21,0
Métro Sauvé (Berri / Sauvé),45.550692068419764,-73.65636706352234,12,14,2
St-Cyril / Wiseman,45.52085479492202,-73.61573964357376,10,10,2
McLynn / Plamondon,45.48911308766352,-73.6470128595829,11,7,3
Parc Champdoré (Champdoré / de Lille),45.5692509593831,-73.63642623429769,3,11,1
Ste-Croix / Tassé,45.51953948301331,-73.68516325950623,1,22,1
29e avenue / St-Zotique,45.56776565172907,-73.57968807220459,11,3,5
Beaubien / 8e avenue,45.553456845975276,-73.58784198760986,4,9,2
Harvard / de Monkland,45.474565185029945,-73.62403571605682,8,10,1
Hillside / Ste-Catherine,45.48282602624293,-73.59084337949753,9,6,1
Guizot / St-Laurent,45.53968044327973,-73.63450437784195,2,17,2
De Callières / d'Auvergne,45.593421978698636,-73.6690217256546,11,11,5
Melville / de Maisonneuve,45.48184019359366,-73.59537899494171,8,7,2
Union / René-Lévesque,45.50235036136798,-73.56658279895781,3,25,0
Bloomfield / Ball,45.52995941738481,-73.6329460144043,17,2,2
Laforest / Dudemaine,45.539806548176045,-73.6872661113739,11,8,3
St-Denis / Ste-Catherine,45.51372291221464,-73.5603104531765,18,25,0
Ste-Catherine / Sanguinet,45.512936177874096,-73.56124520301817,5,42,0
St-Urbain / de la Gauchetière,45.50707812811467,-73.56139540672302,19,22,3
de Maisonneuve / Greene,45.48697062,-73.58929306,0,19,0
Chomedey / de Maisonneuve,45.491750449903954,-73.58394473791122,17,10,4
Gilford / des Érables,45.53728040418993,-73.57534691691399,5,9,2
Fullum / Terrasse Mercure,45.535541603465234,-73.56593906879425,6,17,1
University / Prince-Arthur,45.5074794530521,-73.57864737510681,3,44,3
Gare Bois-de-Boulogne,45.53972553109637,-73.67716491222382,12,10,2
de Gaspé / Jarry,45.540780049797995,-73.63040059804916,5,13,1
Legrand / Cartier,45.55233742797057,-73.70748996734619,6,8,2
St-Dominique / Jean-Talon,45.53520398241678,-73.6175217570053,11,19,6
Chabot / Villeray,45.552289376429215,-73.61300647258759,2,12,2
Ouimet / Goineau,45.57504823374693,-73.68799567222595,9,17,5
Guizot / St-Denis,45.543423548290185,-73.63246187567711,3,18,0
Egan / Laurendeau,45.45290792768395,-73.58918591405198,11,3,0
Métro Plamondon (de Kent / Victoria),45.494686752797904,-73.63871866467889,10,8,3
St-Dominique / St-Viateur,45.52655700191558,-73.5982757806778,19,10,1
St-Charles / Grant,45.539824,-73.508752,7,9,0
Marquette / du Mont-Royal,45.53221791147474,-73.57543140649796,5,13,3
Métro du Collège (Cartier / Décarie),45.50843904979172,-73.6729645729065,12,5,4
Métro Côte-des-Neiges (Jean-Brillant / de la Côte-des-Neiges),45.495537539518104,-73.6222583055769,7,20,4
Monsabré / Boileau,45.571796348222385,-73.54152023792267,7,12,1
Chabanel / Tolhurst,45.540105018786974,-73.65347027778625,5,17,2
Pratt / Bates,45.51694782364431,-73.62631559371948,6,9,3
Métro Georges-Vanier (St-Antoine / Canning),45.4891,-73.57656,8,9,1
Fullum / Ontario,45.5303174,-73.5548669,2,12,0
Louisbourg / O'Brien,45.53039449604383,-73.70393217686795,4,18,1
Métro Cartier,45.56007440937141,-73.68125259876251,15,4,7
Métro de la Savane (Décarie / de Sorel),45.500251758943925,-73.66171056035454,1,16,1
Alfred Laliberté / de Poutrincourt,45.53308032414161,-73.6945965886116,3,14,0
Clark / Fleury,45.54758205939525,-73.66522908210754,11,7,5
Métro Montmorency,45.55814299291968,-73.71942043304443,12,10,6
Ste-Catherine / St-Mathieu,45.49384690142783,-73.57917845249176,12,19,2
Tolhurst / Fleury,45.54407915308118,-73.66735741496086,7,12,0
St-Ambroise / Louis-Cyr,45.47519326260791,-73.58094334602356,26,0,0
Terminus Le Carrefour (Terry-Fox / Le Carrefour),45.56842034638607,-73.74687284231186,6,17,1
Métro Rosemont (de St-Vallier / Rosemont),45.531921043052655,-73.59804779291153,1,21,0
de Hampton / de Monkland,45.47117930747152,-73.6270022392273,5,5,0
2e avenue / Centrale,45.43289463113104,-73.59685689210892,1,13,0
Laird / Glencoe,45.50619158460727,-73.64230799681536,11,1,2
Parc Beaubien Outremont (Stuart / St-Viateur),45.515969694922276,-73.60827505588531,12,3,1
du Souvenir / Chomedey,45.55188644388879,-73.74444007873535,6,9,1
Maguire / St-Laurent,45.524628485592636,-73.5958108305931,2,20,2
de Maisonneuve / Wood,45.48819793805841,-73.58807051185067,4,13,3
de la Côte-Ste-Catherine / Decelles,45.50094101588506,-73.62563699483871,4,13,2
Métro Jean-Talon (Berri / Jean-Talon),45.53900036432657,-73.6142510175705,5,14,3
Métro Sherbrooke (de Rigaud / Berri),45.51814312154928,-73.56800436973572,12,15,0
University / des Pins,45.50817464963893,-73.58002064942411,0,34,0
Milton / University,45.50651983995355,-73.57640504837036,1,37,1
Metcalfe / de Maisonneuve,45.501804363327565,-73.57434511184692,19,7,1
Marché Atwater,45.48020822800015,-73.57759863138199,9,22,0
Hutchison / Beaubien,45.52605851018324,-73.61296892166138,2,21,0
Drolet / Gounod,45.54095134225734,-73.62637460231781,4,14,1
de Gaspé / de Liège,45.54248521237199,-73.63634169101715,8,15,1
de l'Hotel-de-Ville / Ontario,45.51374520222444,-73.56666326522826,15,12,3
de Gaspé / Villeray,45.53888723230076,-73.62390697002411,4,11,3
Drummond / de Maisonneuve,45.499515390738885,-73.57602953910826,1,45,0
Hôpital Maisonneuve-Rosemont (Rosemont / Chatelain),45.575707,-73.561562,13,25,1
Marmier / St-Denis,45.530757980151904,-73.59845817089081,17,10,0
Robert-Bourassa / St-Maurice,45.49837045828952,-73.56055587530136,16,7,1
Métro Charlevoix (Centre / Charlevoix),45.4785381897129,-73.56931865215302,1,24,0
Ste-Famille / des Pins,45.5125667269925,-73.57640504837036,0,9,0
Parc Baldwin (Fullum / Sherbrooke),45.53407048533949,-73.56265068054199,13,23,1
Stationnement incitatif de Montarville (de Montarville),45.6011635681891,-73.44999354332685,1,18,0
Quai Yvon-Julien (Marie-Victorin / de Montarville),45.606718042243784,-73.45692034810781,16,2,5
Stationnement incitatif de Mortagne (Ampère),45.57251733677832,-73.44312071800232,3,19,0
St-Joseph Lachine / 21e avenue,45.43352120253739,-73.68354320526123,10,8,0
du Parc / François-Foucault,45.605785392139126,-73.66273999214172,12,11,4
90e Avenue / Boulevard Lévesque O,45.53121456506295,-73.74735295772552,15,12,1
Métro St-Laurent ( de Maisonneuve / St-Laurent),45.51074821798916,-73.56512099504471,21,2,1
Pierre-de-Coubertin / Aird,45.55903106539297,-73.54830354452133,1,18,0
Porte de Québec / St-André,45.51329411414168,-73.55057805776596,23,0,2
Laurier / St-Denis,45.52714838624861,-73.58947947621346,4,17,1
Frontenac / Ste-Catherine,45.53006276144042,-73.54559183120728,18,0,1
Garnier / Villeray,45.54948004519436,-73.61605471489383,3,16,1
Louis-Hémon / Rosemont,45.544500877623655,-73.58810484409332,8,11,3
Parc des Vétérans (des Vétérans / Broadway),45.63147192165401,-73.50819479674101,3,7,1
Parc de l'Hôtel-de-Ville (Ste-Julie / Laurendeau),45.630686043767284,-73.4948467835784,10,9,3
Parc de Montréal-Est (Notre-Dame / David),45.61316323215739,-73.50989364087582,10,9,4
Centre récréatif Édouard-Rivet (Notre-Dame / Lesage),45.62846158049899,-73.49952153861523,4,11,0
Mansfield / Ste-Catherine,45.50140664031126,-73.57165485620499,0,34,0
Lanaudière / Jean-Talon,45.545350334193245,-73.61032962799072,7,11,2
St-Dominique / de Bellechasse,45.52952466565309,-73.60488876700401,13,18,0
du Canal / McLaughlin,45.42969214118378,-73.6694884300232,12,11,1
Plessis / Logan,45.5218942750191,-73.55725058932876,8,11,0
de Maisonneuve / Mansfield (sud-est),45.50229349416256,-73.5733064264059,12,10,0
Parc J.-Arthur-Champagne (de Chambly / du Mont-Royal),45.551584,-73.561916,3,16,1
Bloomfield / Bernard,45.520338193708305,-73.60775470733641,13,11,3
de Laprairie / Centre,45.48059248038378,-73.56577813625336,12,3,2
Clark / de l'Arcade,45.527371996141,-73.60398352146149,1,18,1
Parc Lacharité (Latour / Forget),45.41773748108526,-73.62338548639853,6,12,0
Sherbrooke / Jeanne-d'Arc,45.55398156058887,-73.55496388156098,19,6,5
de la Vérendrye / 75e avenue,45.42070552680549,-73.62966051438889,7,11,4
Jogues / Allard,45.450020323797766,-73.60030621290207,6,11,1
St-Zotique / Clark,45.53143760098197,-73.61270070075989,3,11,1
Prince-Arthur / du Parc,45.51044465753362,-73.5755842924118,32,3,1
Prince-Arthur / St-Urbain,45.51262123436571,-73.5737282037735,11,14,1
de Côme / Jean-Talon,45.58830296569168,-73.57783721439773,8,7,0
Boyer / St-Joseph,45.52937645940547,-73.5842552036047,0,19,0
Robert-Bourassa / René-Lévesque,45.502182909901194,-73.56825381517409,2,31,0
Aylmer / Sherbrooke,45.50629456823703,-73.57282698154448,7,20,1
du Parc-La Fontaine / Roy,45.5232203879173,-73.56916093829568,0,19,0
Coloniale / Duluth,45.51786873150825,-73.57842743396758,7,6,3
Casgrain / Maguire,45.52621764749851,-73.5957657695144,6,9,4
Robin / St-André,45.51820643310249,-73.56161856654579,12,2,1
St-Hubert / Laurier,45.52893724049854,-73.58786880970001,1,15,0
Bennett / Ste-Catherine,45.55315915057821,-73.53263273835182,14,6,0
de Mortagne / de Montarville,45.59147977279279,-73.43605846166611,5,14,0
du Fort Saint-Louis / de la Perrière,45.613330089384625,-73.45154017210007,4,11,1
de Mortagne / Jean-Neveu,45.56923752103412,-73.44949901103973,0,19,0
Métro Papineau (Dorion / De Maisonneuve),45.5238445756922,-73.55236601831166,21,8,1
Lamarre / Lavallée,45.53374770433337,-73.48599582910538,14,3,3
Parc Laurier (Laurier / Dubuc),45.533610547532355,-73.47374618053436,10,9,3
Villeneuve / St-Laurent,45.521269382097486,-73.58956933021545,9,13,3
Villeneuve / du Parc,45.51801230878908,-73.59256982808802,7,5,1
Émile-Duployé / Sherbrooke,45.5278406266837,-73.56588721280787,2,20,1
Parc Olympique (Pie-IX / Sherbrooke),45.554824549823,-73.55370283126831,4,21,0
Crescent / de Maisonneuve,45.49812041247333,-73.57759594917297,8,14,1
St-Dominique / du Mont-Royal,45.52055948154798,-73.58582027256489,3,19,0
Hôpital Pierre-Boucher (Jacques-Cartier / Bourdon),45.536532102952236,-73.4576690196991,13,4,3
de la Montagne / Sherbrooke,45.500015468871446,-73.57938900589943,6,13,0
Chambord / St-Joseph,45.53206384071709,-73.58226299285889,1,17,1
Parc Plage,45.50263299287665,-73.52748987080304,5,14,1
Plymouth / Chem.Eden,45.506488823782234,-73.66047888994217,3,12,2
Parc Maisonneuve (Viau / Sherbrooke),45.56493679334249,-73.5555911064148,5,16,5
Chambord / Beaubien,45.539900246044354,-73.59936207532883,23,0,3
Duke / Nazareth,45.49572236030835,-73.55461344122887,5,9,1
Wolfe / de la Gauchetière,45.51625372636654,-73.55291748050148,16,7,1
McGill / Wellington,45.499447710650415,-73.55489909648894,3,27,0
Parc Molson (d'Iberville / Beaubien),45.54902230455398,-73.59198164194822,1,18,1
de Bellechasse / de Lanaudière,45.539306918976,-73.59521873295307,14,1,4
Ellendale / de la Côte-des-Neiges,45.49966955063677,-73.62923383712769,24,6,1
Lincoln / du Fort,45.4930266623113,-73.58389592183812,10,5,3
St-Sylvestre / St-Charles,45.53638893500808,-73.51245582103729,8,13,3
Gare LaSalle (Highlands),45.425612687757926,-73.65713578464238,2,15,1
St-Hubert / René-Levesque,45.514369201445305,-73.55648696422577,12,7,0
Durocher / Beaumont,45.52799772330074,-73.61919969320297,12,11,1
Tupper / du Fort,45.49122961531575,-73.58078241348267,9,6,1
Mozart / St-Laurent,45.53328624709234,-73.61546382309369,2,20,2
Hôpital Santa Cabrini (de Pontoise / d'Évreux),45.58135403391153,-73.57260999085156,9,6,3
Métro Mont-Royal (Utilités publiques / Rivard),45.52423612093815,-73.58155220746994,2,27,1
Hochelaga / Chapleau,45.53431661378577,-73.55970561504364,18,1,2
Notre-Dame  / St-Martin,45.48830194643546,-73.56871783733366,1,17,0
Théâtre du Vieux-Terrebonne (St-Pierre / des Braves),45.69223305604548,-73.63703128697125,12,7,5
Parc St-Sacrement (des Seigneurs / St-Sacrement),45.70234934325735,-73.63957804443088,8,11,5
Terminus de bus EXO (Côte de Terrebonne),45.697815037503666,-73.65406465532033,10,12,5
de Soissons / de Darlington,45.50689914049937,-73.623526096344,3,17,1
des Écores / Beaubien,45.547536449579944,-73.59267264604568,13,6,6
des Érables / Dandurand,45.541331760976774,-73.58387768268585,12,7,1
des Érables / Rachel,45.533313304815366,-73.56671154499054,8,10,0
Fullum / Gilford,45.53922374455291,-73.57383679656778,0,19,0
CCI Outremont (Dollard / Ducharme),45.520019102391636,-73.61890733242035,7,7,3
de la Gauchetière / Robert-Bourassa,45.50064338023683,-73.5654079914093,2,25,0
Jean-Talon / de l'Épée,45.527941351769826,-73.62388551235199,8,6,3
20e avenue / de Bellechasse,45.559962552180544,-73.5769522190094,3,16,2
Garnier / Beaubien,45.541510228130996,-73.5984206199646,7,7,1
Boyer / Jean-Talon,45.54152678327907,-73.61248868051915,0,22,0
Aylwin / Ontario,45.54428297135084,-73.54544162750244,22,4,1
Notre-Dame / McGill,45.501023131616485,-73.55944812297821,10,9,0
Métro Place Saint-Henri (St-Ferdinand / St-Jacques),45.47728092665489,-73.58730420470238,13,14,1
St-Rémi / Ste-Émilie,45.46976497412213,-73.58923405408859,20,4,1
Drummond / Sherbrooke,45.50057346904464,-73.57825040817261,2,21,0
des Érables / Laurier,45.53852599499357,-73.57773274183273,9,5,2
Clark / Rachel,45.51736881196649,-73.58209669589996,0,26,0
Northcliffe / Notre-Dame-de-Grâce,45.47781599566346,-73.61503422260284,0,15,0
Clark / de Liège,45.5399716347916,-73.638114631176,3,15,0
du Marché Central / Crémazie,45.53341740599902,-73.64888370037079,2,13,1
McKenna / Édouard-Montpetit,45.50116506773693,-73.62054750323296,3,15,3
LaSalle / 37e avenue,45.416294661505354,-73.6129005253315,4,15,0
Place Valois (Valois / Ontario),45.54714142711512,-73.54339510202408,12,6,0
Sewell / Roy,45.51467743947122,-73.57659816741943,1,15,0
Guy / Notre-Dame,45.49003938678748,-73.56714338064194,19,4,0
Basile-Routhier / Chabanel,45.549846830745,-73.64767402410507,10,7,1
St-Denis / de Maisonneuve,45.51433912935237,-73.56168508529663,23,3,0
Métro St-Michel (Shaughnessy / St-Michel),45.55897660298603,-73.59951764345168,2,4,1
Jacques-Casault / Christophe-Colomb,45.55195050985087,-73.63022357225418,12,5,0
Cartier / Marie-Anne,45.53280412806031,-73.57190161943436,0,25,0
St-Grégoire / Christophe-Colomb,45.53255611409675,-73.58993947505951,2,17,1
St-Patrick / Briand,45.46339729163665,-73.59643578529356,9,6,0
St-Marc / Sherbrooke,45.49444855920154,-73.58337610960007,2,13,0
6e Avenue / Bélanger,45.554582815249745,-73.59631910920143,14,3,7
de Bordeaux / St-Zotique,45.546534315701145,-73.59866335988045,9,9,1
Parc Villeray (Christophe-Colomb / Jarry),45.54811499296316,-73.62433344125746,13,2,2
de Chateaubriand / Jarry,45.54588672296563,-73.62673670053482,0,15,0
St-Antoine / de la Montagne,45.495369835210354,-73.56859177350998,7,9,2
Duvernay / Charlevoix,45.482097305112845,-73.57487753033638,13,5,0
Saint-Rémi / Valois,45.583961790351886,-73.72082591056824,7,16,5
St-André / Ste-Catherine,45.516297540849614,-73.55801045894623,12,14,0
St-Dominique / Gounod,45.53859480227864,-73.62781092524529,3,12,3
Fairmount / Hutchison,45.51962428783392,-73.5983119904995,6,16,3
Murray / Wellington,45.49225247724067,-73.55850666761398,3,24,0
Hamel / Sauvé,45.56099656248322,-73.65141034126282,1,16,1
Métro de Castelnau (de Castelnau / St-Laurent),45.53552563367942,-73.61981123685837,7,15,2
Émile / 7e Avenue,45.56347239088534,-73.69302749633789,5,8,1
Faillon / St-Denis,45.539890852781404,-73.62026989459991,8,15,0
Dollard / Van Horne,45.51887607468706,-73.6161071062088,12,6,2
de la Montagne / Ste-Catherine,45.49774064151583,-73.57484936714172,1,32,0
Boyer /Laurier,45.530370913497194,-73.58651027083397,0,23,0
Dorion / Rachel,45.531597868052245,-73.56829941272736,2,16,0
St-Urbain / Laurier,45.52164617544124,-73.59366774559021,1,18,0
Laurier / de Bordeaux,45.53725128371284,-73.57918381690979,4,19,0
Jean-Paul-Vincent / Adoncour,45.5646764291021,-73.47957750896057,14,0,2
Fernand-Lafontaine / Adoncour,45.5512193,-73.483912,12,2,4
Lebrun / Bédard,45.5470644513283,-73.45196210302673,8,4,4
Industriel / Louis-J.-Lafortune,45.58190955549507,-73.45529912039638,5,14,0
Métro Angrignon (Lamont / des Trinitaires),45.44650450192042,-73.6025619506836,7,14,3
St-Antoine / St-François-Xavier,45.50460620417374,-73.55926036834717,14,4,1
Jeanne-Mance / Fairmount,45.52098373159662,-73.59728068113326,7,12,2
Metcalfe / du Square-Dorchester,45.499898909703695,-73.57048809528351,3,28,3
Léa-Roback / Sir-Georges-Etienne-Cartier,45.471703687608354,-73.58268946409225,9,22,1
Clark / Laurier,45.52256269005034,-73.5934665799141,6,12,0
Montcalm / Ontario,45.52118387502727,-73.56244146823883,18,9,1
Laurier / de Brébeuf,45.532449016819825,-73.5847695171833,9,20,2
Sanguinet / de Maisonneuve,45.51340553558378,-73.56259435415267,19,12,0
Alexandre-DeSève / Ste-Catherine,45.5211613236904,-73.55358481407166,18,1,0
Masson / Molson,45.54434593245247,-73.57697686180472,3,2,0
Parc Loyola (Doherty / Somerled),45.45964243432704,-73.6445640027523,18,1,7
Molson / Wiliam-Tremblay,45.541602844435374,-73.56496073305605,1,28,0
Roy / St-André,45.521564270906616,-73.57036739587784,1,20,1
Atwater / Sherbrooke,45.4912258547597,-73.58763009309769,5,18,3
Ste-Catherine / Bishop,45.49658063218649,-73.5762146115303,15,2,0
Métro Lucien-L'Allier  (Lucien l'Allier / Argyle),45.49487159597493,-73.57112377882004,6,11,0
Carrefour Angrignon (Angrignon / Newman),45.44843408492706,-73.6129454523325,7,10,0
Mackay / Ste-Catherine,45.495774063803815,-73.57687845826149,26,1,1
Ste-Catherine / Towers,45.49228068089086,-73.58096480369566,17,5,4
Viger / Chenneville,45.50531166520915,-73.56089115142822,10,24,0
de l'Hôtel-de-Ville / Viger,45.509556992257025,-73.55740696191788,5,13,0
Boucher / St-Denis,45.52809167572668,-73.59169095754623,5,17,0
Poupart / Logan,45.53012288880358,-73.54941129684448,17,2,0
Métro Viau ( Pierre-de-Coubertin / Viau),45.56221872617909,-73.54626774787903,10,37,1
Stanley / René-Lévesque,45.49790394592446,-73.57077571808077,2,34,1
Gilford / St-Denis,45.52497612960628,-73.58558893203735,27,11,5
Place d'Youville / McGill,45.49996470926352,-73.55615437030792,2,17,0
St-Urbain / René-Lévesque,45.507837541505836,-73.56313616037369,13,19,1
de Maisonneuve / Aylmer (ouest),45.505173440423306,-73.5706517100334,4,33,0
Métro Fabre (Fabre / Jean-Talon),45.54667895468375,-73.60795050859451,8,7,1
des Pins / Hutchison,45.51092810380621,-73.5781578719616,1,21,1
de Maisonneuve / Aylmer (est),45.50538591756765,-73.5704317688942,9,12,0
Hickson / Wellington,45.46487135471258,-73.56701731681824,24,0,0
3e avenue / Wellington,45.457289220778065,-73.5672801733017,16,3,2
Rielle / Wellington,45.460155859306866,-73.56700122356415,19,4,4
CÉGEP du Vieux-Montréal (Ontario / de l'Hôtel-de-Ville),45.51401222645779,-73.56598667800426,12,1,2
Georges-Vanier / Notre-Dame,45.485047979822774,-73.5719633102417,3,15,0
Métro Joliette  (Hochelaga / Joliette),45.54699194653282,-73.55115339159964,0,29,0
Bassin olympique (Chemin du Chenal le Moyne),45.5169025120042,-73.52724552154541,16,3,2
Ottawa / du Séminaire,45.4912954250061,-73.56159925460815,16,4,0
Parc Sauvé (Balzac / de Bayonne),45.598880374710674,-73.63657951360437,4,9,0
des Récollets / Martial,45.590916779468024,-73.64067547023296,7,12,6
7e avenue / Jean-Rivard,45.56360595385142,-73.61588582396507,4,15,2
Parc Jeanne-Mance (monument sir George-Étienne-Cartier),45.51487490356938,-73.58486406505108,0,42,0
City Councillors / du President-Kennedy,45.50625103256782,-73.57139065861702,15,15,1
Clark / Ontario,45.51059890498207,-73.56692545115948,18,1,1
Ste-Émilie / Sir-Georges-Etienne-Cartier,45.472636238971525,-73.58546018600464,16,6,4
Parc St-Henri (Laporte / Guay),45.4801160762769,-73.58560770750046,7,7,1
de Maisonneuve / Mansfield (nord),45.502386079583346,-73.57333794236183,8,9,0
de Maisonneuve / Mansfield (sud),45.502053864057466,-73.57346534729004,17,10,1
Parc de la Louisiane (31e avenue / de Bellechasse),45.56658768199731,-73.57160925865173,5,14,2
HEC (Decelles / Jean-Brillant),45.497722829899764,-73.61925333738327,1,22,0
Milton / St-Laurent,45.512903912221326,-73.57059180741999,6,14,1
McTavish / Sherbrooke,45.50277615861811,-73.57589408755302,4,42,1
Parc Henri-Julien (St-Denis / Legendre),45.547299771025074,-73.64587426185608,6,13,3
Édouard-Montpetit / de Stirling,45.507422884736656,-73.61485183238983,1,25,0
Christophe-Colomb / Gilford,45.52970275925261,-73.58288526535034,5,18,0
Jeanne-Mance / René-Lévesque,45.5063713381299,-73.5642009973526,10,48,0
Parc St-Gabriel (Grand Trunk / Ropery),45.4793397449184,-73.56434315443039,3,15,0
Bishop / René-Lévesque,45.49531907141446,-73.57386231422424,27,4,2
de Bleury / de Maisonneuve,45.50710632433956,-73.56861054897308,13,8,3
Parc Wilfrid-Bastien (Lacordaire / des Galets),45.5864002,-73.5952181,5,14,0
Ste-Catherine / Drummond,45.498488900657,-73.57436656951904,6,21,5
Ste-Catherine / Drummond S/E,45.498669853792904,-73.57423916459084,0,35,0
Marquette / Gillford,45.533814961538,-73.57890486717224,0,14,0
Ste-Catherine / St-Laurent,45.50991130818593,-73.56380604207516,11,20,0
Queen / Wellington,45.49760527699099,-73.55534970760345,0,43,0
Cathcart / McGill College,45.501187681489775,-73.57045487814501,6,21,2
de la Montagne / Notre-Dame,45.492913379064625,-73.5646878182888,10,13,0
Parc du Pélican (1ere Ave / Masson),45.54518840394769,-73.57644259929657,9,26,2
Parc Jean-Drapeau (Chemin Macdonald),45.51321159047488,-73.53311714531628,17,6,11
